date,open,high,low,close,volume,amount
2020-01-02,5.45,5.62,5.42,5.53,16928785,93579841.0
2020-01-03,5.59,5.67,5.54,5.64,18769591,105373616.0
2020-01-06,5.59,5.75,5.56,5.68,19701198,111857463.0
2020-01-07,5.73,5.85,5.62,5.75,28052526,160628279.0
2020-01-08,5.72,5.77,5.57,5.6,25538887,144766034.0
2020-01-09,5.66,5.77,5.62,5.77,24683016,140789930.0
2020-01-10,5.76,5.77,5.57,5.63,20326302,115043408.0
2020-01-13,5.63,5.68,5.53,5.67,14651496,82098196.0
2020-01-14,5.68,5.76,5.56,5.59,16575502,93583847.0
2020-01-15,5.56,5.57,5.47,5.53,14184214,78222899.0
2020-01-16,5.55,5.59,5.48,5.51,10439700,57668274.0
2020-01-17,5.52,5.53,5.37,5.41,12709552,69134351.0
2020-01-20,5.41,5.48,5.33,5.47,12103784,65778656.0
2020-01-21,5.46,5.62,5.35,5.56,26756703,147025967.0
2020-01-22,5.59,5.6,5.4,5.52,22761514,125184377.0
2020-01-23,5.47,5.47,5.1,5.18,23090099,122314463.0
2020-02-03,4.66,4.67,4.66,4.66,6967000,32467133.0
2020-02-04,4.21,4.6,4.21,4.51,17936423,80641825.0
2020-02-05,4.55,4.68,4.53,4.59,14070581,64892624.0
2020-02-06,4.6,4.74,4.56,4.7,14883870,69390351.0
2020-02-07,4.75,4.85,4.67,4.84,17465906,83020641.0
2020-02-10,4.81,4.9,4.77,4.89,13408754,64758211.0
2020-02-11,4.89,4.9,4.8,4.81,10560586,51016669.0
2020-02-12,4.83,4.97,4.8,4.96,15545327,76199352.0
2020-02-13,4.97,5.1,4.86,4.94,20771755,103616610.0
2020-02-14,4.9,5.34,4.87,5.1,28861179,147820493.0
2020-02-17,5.07,5.24,5.04,5.22,21563934,111032223.0
2020-02-18,5.22,5.68,5.18,5.53,45574177,247375258.0
2020-02-19,5.45,5.77,5.38,5.43,39439817,218164870.0
2020-02-20,5.41,5.58,5.35,5.53,33757680,184614396.0
2020-02-21,5.56,5.88,5.51,5.86,58320018,332982872.0
2020-02-24,5.75,6.04,5.66,6.01,58298989,342012796.0
2020-02-25,5.82,6.01,5.52,5.94,51889731,301773921.0
2020-02-26,5.74,5.91,5.56,5.58,33436201,191872688.0
2020-02-27,5.64,5.72,5.53,5.59,21860925,123193686.0
2020-02-28,5.37,5.46,5.13,5.16,26866762,142355199.0
2020-03-02,5.2,5.44,5.19,5.4,17115537,91364840.0
2020-03-03,5.5,5.62,5.4,5.45,20789628,114562729.0
2020-03-04,5.4,5.51,5.32,5.47,16163198,87740855.0
2020-03-05,5.54,5.64,5.46,5.6,23968927,133300818.0
2020-03-06,5.58,5.58,5.43,5.48,16821061,92325288.0
2020-03-09,5.42,5.45,5.23,5.25,15843571,84517049.0
2020-03-10,5.19,5.49,5.12,5.48,22687112,120853592.0
2020-03-11,5.5,5.61,5.38,5.4,20791422,114626639.0
2020-03-12,5.3,5.35,5.19,5.21,17050075,89655361.0
2020-03-13,4.85,5.19,4.84,5.16,19272926,96783243.0
2020-03-16,5.2,5.21,4.93,4.96,16608099,84645151.0
2020-03-17,4.99,5.15,4.84,4.98,11231773,55871131.0
2020-03-18,5.0,5.1,4.92,4.92,11347697,57016602.0
2020-03-19,4.89,4.99,4.82,4.94,11580782,56779199.0
2020-03-20,4.99,5.02,4.87,4.97,8715673,43188383.0
2020-03-23,4.85,4.86,4.68,4.7,12763797,60959598.0
2020-03-24,4.77,4.86,4.7,4.81,10244033,48995836.0
2020-03-25,4.93,4.95,4.8,4.85,12244409,59484025.0
2020-03-26,4.84,4.85,4.68,4.71,11228109,53501811.0
2020-03-27,4.76,4.81,4.7,4.71,8771754,41661764.0
2020-03-30,4.65,4.7,4.47,4.52,10587243,48157044.0
2020-03-31,4.57,4.59,4.48,4.49,6384557,28938142.0
2020-04-01,4.45,4.6,4.44,4.51,6336050,28659821.0
2020-04-02,4.49,4.66,4.49,4.66,9056804,41556886.0
2020-04-03,4.65,4.67,4.51,4.54,7260969,33210710.0
2020-04-07,4.6,4.71,4.6,4.7,10203796,47628577.0
2020-04-08,4.72,4.77,4.67,4.71,8287594,39096949.0
2020-04-09,4.73,4.81,4.72,4.78,8117053,38753978.0
2020-04-10,4.81,4.81,4.62,4.64,7357425,34487887.0
2020-04-13,4.59,4.63,4.52,4.53,6338387,28849102.0
2020-04-14,4.58,4.63,4.54,4.63,4784271,22036361.0
2020-04-15,4.66,4.66,4.56,4.58,6134924,28316842.0
2020-04-16,4.56,4.66,4.55,4.61,5870185,27052761.0
2020-04-17,4.61,4.71,4.61,4.63,6663084,31056269.0
2020-04-20,4.68,4.68,4.6,4.65,5801136,26858084.0
2020-04-21,4.63,4.64,4.5,4.57,6586078,29956565.0
2020-04-22,4.51,4.78,4.51,4.76,16504036,77510613.0
2020-04-23,4.76,4.81,4.71,4.75,12250606,58380109.0
2020-04-24,4.78,4.81,4.63,4.66,7868705,36976589.0
2020-04-27,4.68,4.8,4.65,4.68,12093888,57235308.0
2020-04-28,4.77,4.84,4.53,4.76,17279334,81735789.0
2020-04-29,4.69,4.78,4.65,4.72,10245290,48300389.0
2020-04-30,4.76,4.92,4.74,4.92,20971065,102102839.0
2020-05-06,4.88,5.05,4.86,5.04,23235786,115121996.0
2020-05-07,5.01,5.05,4.9,4.92,18576779,92063751.0
2020-05-08,4.95,5.07,4.92,4.98,22011971,110118669.0
2020-05-11,5.0,5.03,4.86,4.89,19589288,96720993.0
2020-05-12,4.9,4.9,4.78,4.87,15919722,77044225.0
2020-05-13,4.83,4.9,4.81,4.88,9717395,47264911.0
2020-05-14,4.85,5.02,4.81,4.95,18776528,92794601.0
2020-05-15,4.98,5.16,4.93,5.07,30496833,155122504.0
2020-05-18,5.15,5.29,5.06,5.17,33877204,175537287.0
2020-05-19,5.14,5.38,5.1,5.32,32133576,167614579.0
2020-05-20,5.25,5.4,5.17,5.24,29638898,156106415.0
2020-05-21,5.25,5.48,5.22,5.34,37852934,203072911.0
2020-05-22,5.36,5.43,5.19,5.25,28882659,153010065.0
2020-05-25,5.2,5.47,5.2,5.29,23967242,127788053.0
2020-05-26,5.28,5.65,5.24,5.61,46690018,255669212.0
2020-05-27,5.55,5.61,5.42,5.5,27621099,151712995.0
2020-05-28,5.47,5.49,5.23,5.35,29208933,155899616.0
2020-05-29,5.31,5.44,5.23,5.27,20308666,108517145.0
2020-06-01,5.33,5.58,5.3,5.5,32795524,179508992.0
2020-06-02,5.48,5.5,5.34,5.39,27848184,150510423.0
2020-06-03,5.4,5.48,5.29,5.34,21825422,117439325.0
2020-06-04,5.37,5.47,5.31,5.34,21633135,116428045.0
2020-06-05,5.32,5.42,5.25,5.36,20258502,108048044.0
2020-06-08,5.38,5.4,5.17,5.18,24302273,127787542.0
2020-06-09,4.83,4.97,4.83,4.92,32314221,158440796.0
2020-06-10,4.9,4.93,4.78,4.79,18169423,87989785.0
2020-06-11,4.79,4.86,4.73,4.81,14010901,67220637.0
2020-06-12,4.74,4.86,4.71,4.85,12706368,60939592.0
2020-06-15,4.8,4.87,4.7,4.72,21385748,101958234.0
2020-06-16,4.75,4.8,4.73,4.8,13022596,62149145.0
2020-06-17,4.8,4.81,4.73,4.79,10972335,52191286.0
2020-06-18,4.79,4.86,4.79,4.82,11966332,57810612.0
2020-06-19,4.83,4.85,4.8,4.84,10041173,48508384.0
2020-06-22,4.83,4.89,4.81,4.87,12495785,60823748.0
2020-06-23,4.85,4.88,4.78,4.8,11414257,55031670.0
2020-06-24,4.83,4.84,4.76,4.81,8310523,39888910.0
2020-06-29,4.79,4.8,4.66,4.71,10617402,50118429.0
2020-06-30,4.73,4.82,4.7,4.8,10171450,48640810.0
2020-07-01,4.82,4.98,4.76,4.96,26442075,128940256.0
2020-07-02,4.88,5.02,4.86,5.0,23591072,116650962.0
2020-07-03,5.01,5.1,4.98,5.05,19701764,99379551.0
2020-07-06,5.06,5.34,5.06,5.29,31511079,164957850.0
2020-07-07,5.38,5.59,5.32,5.44,40814230,223023483.0
2020-07-08,5.46,5.63,5.3,5.58,32544325,180157110.0
2020-07-09,5.58,5.85,5.55,5.78,37765291,215219622.0
2020-07-10,5.78,5.8,5.61,5.62,28238201,161085014.0
2020-07-13,5.59,6.15,5.59,6.04,46082642,274265440.0
2020-07-14,6.04,6.08,5.8,5.97,38813001,231281907.0
2020-07-15,5.96,6.01,5.68,5.73,31555159,183063958.0
2020-07-16,5.72,5.82,5.45,5.46,28197352,159070178.0
2020-07-17,5.5,5.63,5.41,5.51,24774474,136599849.0
2020-07-20,5.56,5.81,5.51,5.73,24288526,137297750.0
2020-07-21,5.75,5.88,5.69,5.73,22025463,127006016.3
2020-07-22,5.71,6.3,5.69,6.13,82367958,500931196.9
2020-07-23,6.06,6.13,5.72,5.88,63411881,373356275.15
2020-07-24,5.78,5.91,5.53,5.59,35915953,204825725.38
2020-07-27,5.58,5.74,5.5,5.61,24199706,135984712.22
2020-07-28,5.67,5.69,5.44,5.5,22026579,122157374.22
2020-07-29,5.45,5.79,5.4,5.76,26958121,151801452.17
2020-07-30,5.76,5.96,5.71,5.85,28734709,167743018.99
2020-07-31,5.85,5.92,5.71,5.87,24357177,141941344.9
2020-08-03,5.9,6.03,5.88,5.97,26464152,157779575.47
2020-08-04,5.97,5.99,5.78,5.81,22246503,130386499.49
2020-08-05,6.05,6.39,5.96,6.39,47890018,298962181.82
2020-08-06,6.58,6.91,6.41,6.45,101373081,670498031.97
2020-08-07,6.48,6.75,6.26,6.45,71956914,468691385.86
2020-08-10,6.39,6.76,6.39,6.55,56390071,373118166.07
2020-08-11,6.53,6.62,6.14,6.16,52730903,333638338.14
2020-08-12,6.14,6.28,6.02,6.23,31316213,192691918.81
2020-08-13,6.21,6.24,6.01,6.08,31769619,194273523.77
2020-08-14,6.05,6.13,6.02,6.13,21071017,128119997.32
2020-08-17,6.15,6.39,6.11,6.38,32560568,204968223.04
2020-08-18,6.75,7.02,6.71,7.02,60962204,421839215.54
2020-08-19,7.2,7.46,6.91,6.94,113419214,817492834.07
2020-08-20,7.04,7.38,6.99,7.08,83427064,598626657.39
2020-08-21,7.01,7.22,6.76,6.81,64254710,446981530.35
2020-08-24,6.9,6.97,6.73,6.77,39716645,270502360.58
2020-08-25,6.79,6.84,6.6,6.64,38938239,260958258.7
2020-08-26,6.64,6.77,6.46,6.48,40400982,266889875.86
2020-08-27,6.49,6.66,6.43,6.61,30759018,202358213.0
2020-08-28,6.58,6.75,6.52,6.71,30892869,205584011.78
2020-08-31,6.77,6.78,6.64,6.64,28892241,193687459.83
2020-09-01,6.6,6.72,6.55,6.68,20923208,139244022.27
2020-09-02,6.7,6.75,6.45,6.5,34903404,229032846.04
2020-09-03,6.5,6.6,6.41,6.46,22898681,148846844.06
2020-09-04,6.35,6.64,6.35,6.62,26975721,176230648.16
2020-09-07,6.66,6.9,6.62,6.68,38594595,260621064.9
2020-09-08,6.66,6.73,6.54,6.67,26159700,173540381.27
2020-09-09,6.56,6.66,6.16,6.21,42082776,268601362.53
2020-09-10,6.23,6.28,5.97,6.04,26365645,160672628.6
2020-09-11,5.95,6.15,5.95,6.08,15746937,95723207.74
2020-09-14,6.13,6.27,6.08,6.25,18444455,114335650.13
2020-09-15,6.2,6.27,6.08,6.25,19267069,118838381.08
2020-09-16,6.2,6.22,6.06,6.14,13034334,79895547.52
2020-09-17,6.12,6.21,6.04,6.14,13441884,82206089.67
2020-09-18,6.21,6.39,6.17,6.29,22498894,141057327.97
2020-09-21,6.29,6.33,6.15,6.19,15635600,97357954.29
2020-09-22,6.14,6.17,6.01,6.04,12708658,77340899.04
2020-09-23,6.06,6.17,5.98,6.1,13941775,84688339.24
2020-09-24,6.09,6.09,5.88,5.9,14410560,85985540.29
2020-09-25,5.93,5.95,5.84,5.9,9785807,57572624.87
2020-09-28,5.89,6.02,5.88,5.9,10205700,60717894.69
2020-09-29,5.93,6.06,5.91,5.93,10808272,64683084.88
2020-09-30,5.95,6.02,5.86,5.94,10415400,61960218.0
2020-10-09,6.07,6.3,6.07,6.19,19791613,122885465.08
2020-10-12,6.27,6.38,6.2,6.38,23177171,146489905.94
2020-10-13,6.35,6.35,6.23,6.3,15983898,100399088.53
2020-10-14,6.27,6.35,6.22,6.32,13587450,85463393.25
2020-10-15,6.28,6.32,6.17,6.19,12172872,76016608.08
2020-10-16,6.22,6.3,6.15,6.27,11163602,69467414.32
2020-10-19,6.5,6.54,6.17,6.21,23889769,151063537.03
2020-10-20,6.14,6.18,6.03,6.13,15086721,91910713.32
2020-10-21,6.12,6.13,5.98,6.01,13162423,79241426.43
2020-10-22,5.98,6.06,5.94,6.02,9095074,54578246.32
2020-10-23,6.0,6.09,5.99,6.08,12836447,77576608.96
2020-10-26,6.05,6.08,5.89,5.93,15667021,93280452.29
2020-10-27,5.9,5.93,5.81,5.83,11902632,69775275.34
2020-10-28,5.8,5.85,5.67,5.77,14263741,82010215.75
2020-10-29,5.68,5.76,5.63,5.69,11372654,64721509.59
2020-10-30,5.69,5.76,5.46,5.47,15449886,86772671.21
2020-11-02,5.48,5.53,5.45,5.46,12210472,66936265.54
2020-11-03,5.5,5.69,5.5,5.66,11647104,65457168.84
2020-11-04,5.67,5.71,5.56,5.62,8387103,47181874.55
2020-11-05,5.68,5.82,5.63,5.78,13901252,79559090.8
2020-11-06,5.81,5.83,5.72,5.79,10339006,59726390.4
2020-11-09,5.84,6.04,5.83,5.98,19125763,113762817.01
2020-11-10,5.97,6.06,5.79,5.85,13200928,77658798.24
2020-11-11,5.88,5.88,5.73,5.73,9827298,56816162.75
2020-11-12,5.77,5.84,5.73,5.77,7958435,45923018.29
2020-11-13,5.74,5.77,5.65,5.74,7942833,45374529.93
2020-11-16,5.77,5.83,5.71,5.79,7591043,43778089.62
2020-11-17,5.8,5.8,5.67,5.72,8914811,50886274.57
2020-11-18,5.72,5.92,5.7,5.86,13848451,80741806.69
2020-11-19,5.85,5.97,5.84,5.87,11982169,70714924.93
2020-11-20,5.86,5.95,5.82,5.93,9739581,57482874.49
2020-11-23,5.9,5.97,5.88,5.94,10849982,64275458.02
2020-11-24,6.0,6.0,5.91,5.93,9085681,53993177.81
2020-11-25,5.94,5.96,5.8,5.81,11340178,66615691.55
2020-11-26,5.81,5.92,5.8,5.85,7952798,46584270.36
2020-11-27,5.84,5.85,5.7,5.8,9947193,57413276.58
2020-11-30,5.8,5.87,5.73,5.75,9992136,58003284.29
2020-12-01,5.74,5.82,5.71,5.8,9190996,53101997.81
2020-12-02,5.8,5.86,5.77,5.84,11979325,69683891.58
2020-12-03,5.84,5.85,5.76,5.77,9969053,57740515.28
2020-12-04,5.74,5.87,5.73,5.87,13541725,78831028.3
2020-12-07,5.88,6.0,5.85,5.85,19225041,113845005.69
2020-12-08,5.83,5.95,5.79,5.93,16451620,96759059.07
2020-12-09,5.92,5.92,5.66,5.68,17267197,99570832.0
2020-12-10,5.62,5.67,5.56,5.58,11740977,65812238.28
2020-12-11,5.62,5.62,5.26,5.47,21239268,114435553.86
2020-12-14,5.4,5.43,5.31,5.38,9011300,48404902.7
2020-12-15,5.39,5.41,5.32,5.38,6343512,33989158.34
2020-12-16,5.41,5.54,5.37,5.46,11323602,61934244.47
2020-12-17,5.42,5.48,5.34,5.47,12134086,65774932.81
2020-12-18,5.52,5.58,5.46,5.48,13088700,72159227.08
2020-12-21,5.48,5.75,5.46,5.64,15002901,84482400.14
2020-12-22,5.63,5.75,5.54,5.55,16685353,94121469.51
2020-12-23,5.55,5.83,5.55,5.75,22703084,130093645.33
2020-12-24,5.78,5.79,5.57,5.64,19926651,113244297.85
2020-12-25,5.58,5.82,5.57,5.72,19545595,112078690.58
2020-12-28,5.69,5.75,5.56,5.62,16349783,92245694.93
2020-12-29,5.61,5.84,5.59,5.69,21762598,125143684.67
2020-12-30,5.76,5.87,5.65,5.74,25098109,144907373.64
2020-12-31,5.78,6.31,5.73,6.14,90562209,555928393.97
2021-01-04,6.02,6.16,5.98,6.11,54006732,328370997.0
2021-01-05,6.05,6.38,6.03,6.19,53548206,332652106.71
2021-01-06,6.14,6.26,5.96,6.1,33768491,205301882.98
2021-01-07,6.12,6.34,5.97,6.01,45241517,278986275.91
2021-01-08,6.04,6.2,6.0,6.05,29555034,180294924.26
2021-01-11,6.03,6.31,5.95,6.29,44946852,277687382.92
2021-01-12,6.2,6.28,6.12,6.26,30443062,189188372.25
2021-01-13,6.25,6.27,5.84,5.92,39171011,236083603.89
2021-01-14,5.81,5.87,5.45,5.51,38133681,213278633.61
2021-01-15,5.46,5.6,5.46,5.53,17066820,94294159.68
2021-01-18,5.5,5.73,5.5,5.62,15791633,88929882.05
2021-01-19,5.64,5.65,5.55,5.61,14683274,82133627.93
2021-01-20,5.61,5.62,5.48,5.57,15781088,87405835.76
2021-01-21,5.6,5.67,5.57,5.63,16975450,95450003.02
2021-01-22,5.62,5.62,5.37,5.4,25057375,136645261.01
2021-01-25,5.37,5.38,5.26,5.28,14953252,79391135.05
2021-01-26,5.28,5.33,5.22,5.3,8647047,45672644.73
2021-01-27,5.35,5.46,5.35,5.35,13164371,70943672.03
2021-01-28,5.29,5.43,5.27,5.35,10144246,54443414.39
2021-01-29,5.35,5.4,5.11,5.19,15491424,81116145.97
2021-02-01,5.18,5.3,5.14,5.27,8303544,43591128.22
2021-02-02,5.27,5.3,5.17,5.23,7646320,39900046.53
2021-02-03,5.2,5.2,4.98,5.02,13570046,68509170.32
2021-02-04,4.98,5.01,4.73,4.83,14790349,71597246.66
2021-02-05,4.84,4.9,4.8,4.83,5910451,28583967.58
2021-02-08,4.82,4.93,4.81,4.86,6478779,31585611.45
2021-02-09,4.84,4.94,4.84,4.93,6810395,33304573.51
2021-02-10,4.93,5.0,4.91,4.97,7606978,37786725.34
2021-02-18,5.05,5.1,5.04,5.07,7601118,38547267.25
2021-02-19,5.07,5.22,5.05,5.22,9572037,49429144.77
2021-02-22,5.21,5.35,5.21,5.23,13174954,69673224.24
2021-02-23,5.24,5.29,5.17,5.18,8351090,43518550.65
2021-02-24,5.19,5.32,5.17,5.24,9505176,49869481.55
2021-02-25,5.27,5.29,5.16,5.17,6638227,34479179.36
2021-02-26,5.11,5.21,5.06,5.17,6442350,33253950.85
2021-03-01,5.19,5.25,5.18,5.24,6887885,35984220.64
2021-03-02,5.23,5.25,5.16,5.19,6708900,34855146.94
2021-03-03,5.2,5.3,5.17,5.27,7922206,41467922.19
2021-03-04,5.26,5.34,5.23,5.26,11683200,61761469.0
2021-03-05,5.26,5.31,5.21,5.29,9158807,48376413.74
2021-03-08,5.29,5.35,5.22,5.24,10953766,57909600.24
2021-03-09,5.26,5.26,4.99,5.13,11969613,61364492.41
2021-03-10,5.15,5.17,5.02,5.04,7183481,36529292.08
2021-03-11,5.04,5.21,5.01,5.19,8168419,41799719.39
2021-03-12,5.17,5.28,5.12,5.25,9516510,49574433.77
2021-03-15,5.25,5.3,5.19,5.25,7810809,40962096.51
2021-03-16,5.27,5.3,5.24,5.29,7512755,39643406.01
2021-03-17,5.3,5.38,5.27,5.34,10503215,55968635.33
2021-03-18,5.33,5.33,5.23,5.25,7782106,40955015.55
2021-03-19,5.21,5.27,5.2,5.23,6306286,32981796.46
2021-03-22,5.22,5.35,5.19,5.35,10926501,57904229.33
2021-03-23,5.33,5.49,5.33,5.36,17018066,92165556.44
2021-03-24,5.3,5.42,5.29,5.36,10554634,56472260.17
2021-03-25,5.39,5.51,5.33,5.45,14297850,77841203.56
2021-03-26,5.45,5.46,5.36,5.44,11636233,63002790.54
2021-03-29,5.44,5.44,5.34,5.36,10018310,53847646.6
2021-03-30,5.36,5.37,5.25,5.27,8014404,42344782.1
2021-03-31,5.32,5.44,5.27,5.38,9675581,51896082.59
2021-04-01,5.4,5.42,5.31,5.36,6365374,34156226.4
2021-04-02,5.36,5.53,5.31,5.46,15525667,84783074.81
2021-04-06,5.5,5.65,5.5,5.53,18129833,100926728.24
2021-04-07,5.52,5.57,5.44,5.57,11403672,62879294.76
2021-04-08,5.62,5.62,5.45,5.45,14569816,80405195.95
2021-04-09,5.44,5.49,5.33,5.36,12716423,68375966.04
2021-04-12,5.36,5.46,5.32,5.38,9860474,52992959.66
2021-04-13,5.35,5.37,5.21,5.22,9530354,50216598.83
2021-04-14,5.21,5.27,5.18,5.25,6044695,31675546.8
2021-04-15,5.23,5.26,5.14,5.25,7390413,38414407.05
2021-04-16,5.24,5.34,5.2,5.32,8521004,45037986.05
2021-04-19,5.3,5.39,5.28,5.38,8283410,44288190.33
2021-04-20,5.39,5.42,5.34,5.35,6799751,36507163.65
2021-04-21,5.32,5.33,5.21,5.26,6714536,35278085.21
2021-04-22,5.26,5.31,5.22,5.26,6714336,35304075.28
2021-04-23,5.27,5.28,5.16,5.18,6756552,35166917.36
2021-04-26,5.19,5.27,5.18,5.19,5593225,29162671.24
2021-04-27,5.18,5.19,5.06,5.11,6316704,32261704.17
2021-04-28,5.15,5.15,5.07,5.11,4648018,23714818.58
2021-04-29,5.11,5.23,5.07,5.14,6860384,35330682.8
2021-04-30,5.16,5.16,5.02,5.06,6488982,32925461.12
2021-05-06,5.05,5.17,5.03,5.12,5205749,26600839.36
2021-05-07,5.08,5.13,5.08,5.08,5323063,27155779.93
2021-05-10,5.08,5.12,4.98,5.02,8959162,45221713.76
2021-05-11,5.0,5.1,4.98,5.07,6773553,34129956.02
2021-05-12,5.04,5.16,5.04,5.14,6481419,33066419.34
2021-05-13,5.12,5.17,5.09,5.1,5529450,28354120.5
2021-05-14,5.12,5.18,5.1,5.17,6450511,33210836.44
2021-05-17,5.14,5.19,5.09,5.09,6893763,35487414.5
2021-05-18,5.07,5.18,5.04,5.17,7141956,36534932.43
2021-05-19,5.13,5.16,5.06,5.07,6627494,33790229.58
2021-05-20,5.09,5.11,5.03,5.09,4786100,24309173.0
2021-05-21,5.09,5.16,5.07,5.1,5420407,27743469.27
2021-05-24,5.08,5.23,5.05,5.2,14462631,74571548.95
2021-05-25,5.18,5.21,5.14,5.19,9333833,48325188.97
2021-05-26,5.19,5.29,5.15,5.21,11364561,59379388.01
2021-05-27,5.2,5.29,5.17,5.24,11130028,58269608.96
2021-05-28,5.23,5.25,5.18,5.21,8676186,45216391.74
2021-05-31,5.19,5.28,5.19,5.27,10124967,53207960.75
2021-06-01,5.27,5.31,5.22,5.27,9914898,52351926.44
2021-06-02,5.25,5.29,5.21,5.23,9275540,48602853.24
2021-06-03,5.23,5.3,5.2,5.25,9984503,52569056.38
2021-06-04,5.23,5.37,5.21,5.32,14048753,74706453.4
2021-06-07,5.36,5.84,5.33,5.73,62182578,352526058.16
2021-06-08,5.67,5.83,5.65,5.71,41577167,237742852.25
2021-06-09,5.66,5.77,5.62,5.63,23259231,131901208.39
2021-06-10,5.66,5.96,5.63,5.83,39685202,229888680.52
2021-06-11,5.92,5.94,5.74,5.84,26348651,153242265.41
2021-06-15,5.85,6.23,5.76,6.1,46082013,277364825.13
2021-06-16,6.09,6.17,5.96,6.02,27157434,164115104.47
2021-06-17,5.96,6.12,5.93,6.06,20850830,125980230.4
2021-06-18,6.09,6.45,6.03,6.31,40121846,251632944.47
2021-06-21,6.23,6.68,6.2,6.45,37840563,245638226.59
2021-06-22,6.41,6.52,6.28,6.37,24644903,156491955.56
2021-06-23,6.4,6.53,6.33,6.49,24388439,157301538.97
2021-06-24,6.5,6.52,6.23,6.26,28288966,179222145.28
2021-06-25,6.27,6.36,6.16,6.23,25033922,156071897.17
2021-06-28,6.23,6.25,6.1,6.17,17212427,106066923.06
2021-06-29,6.15,6.3,6.04,6.08,20379687,125134945.12
2021-06-30,6.14,6.37,6.06,6.23,20286505,126398835.27
2021-07-01,6.18,6.34,6.06,6.09,21391099,132238450.83
2021-07-02,6.09,6.22,6.05,6.14,14917601,91564157.45
2021-07-05,6.15,6.32,6.11,6.21,14534397,89996385.75
2021-07-06,6.24,6.24,5.9,6.0,20761493,125145617.97
2021-07-07,5.92,6.0,5.9,6.0,11456916,68298901.59
2021-07-08,5.98,6.56,5.98,6.35,38089312,240800921.62
2021-07-09,6.29,6.38,6.22,6.3,17259747,108716364.58
2021-07-12,6.26,6.41,6.24,6.36,14705635,93059256.39
2021-07-13,6.29,6.42,6.19,6.21,14077912,87992833.4
2021-07-14,6.21,6.25,6.08,6.1,11687300,72000066.0
2021-07-15,6.12,6.13,5.91,6.06,10956476,65866144.98
2021-07-16,6.06,6.16,6.01,6.06,10851930,65912281.36
2021-07-19,6.0,6.05,5.85,5.88,13754133,81604452.01
2021-07-20,5.89,5.95,5.8,5.95,9078681,53495452.62
2021-07-21,5.93,6.55,5.93,6.55,46950391,300781264.29
2021-07-22,6.82,6.96,6.61,6.91,73848177,502477989.3
2021-07-23,6.81,6.99,6.76,6.84,41497357,284570664.23
2021-07-26,6.82,7.11,6.72,6.85,34587339,238235455.48
2021-07-27,6.92,7.08,6.68,6.74,39958770,276368801.58
2021-07-28,6.61,6.76,6.33,6.4,33449824,217794863.37
2021-07-29,6.52,6.83,6.48,6.62,28158156,186829130.14
2021-07-30,6.65,6.74,6.47,6.55,25138938,165774231.0
2021-08-02,6.5,6.9,6.42,6.68,26167232,175347176.52
2021-08-03,6.6,6.68,6.35,6.37,23685900,153869443.0
2021-08-04,6.33,6.69,6.33,6.55,21336287,139826410.37
2021-08-05,6.54,6.54,6.29,6.37,17747401,113356582.6
2021-08-06,6.37,6.57,6.33,6.48,17197657,110790579.81
2021-08-09,6.4,6.41,6.22,6.25,18334613,115049796.35
2021-08-10,6.23,6.44,6.22,6.35,17399919,110139312.78
2021-08-11,6.35,6.9,6.32,6.72,37729729,250308466.93
2021-08-12,6.73,6.87,6.69,6.74,20196976,136725507.89
2021-08-13,6.71,6.78,6.63,6.72,14740749,98860732.19
2021-08-16,6.77,6.96,6.63,6.82,29651530,202070120.89
2021-08-17,6.77,6.81,6.21,6.24,37321604,240708423.58
2021-08-18,6.27,6.35,6.18,6.23,16310672,101865754.15
2021-08-19,6.22,6.22,5.95,6.07,18733345,113747418.6
2021-08-20,5.93,5.94,5.73,5.83,25289402,147197905.0
2021-08-23,5.83,5.89,5.77,5.85,18788554,109809161.6
2021-08-24,5.83,5.93,5.81,5.85,16393624,95933504.65
2021-08-25,5.85,5.89,5.78,5.87,14528756,84823845.11
2021-08-26,5.87,6.08,5.82,5.93,23584179,140800906.63
2021-08-27,5.9,5.95,5.83,5.85,13082006,76762161.42
2021-08-30,5.92,6.01,5.87,5.96,14482616,86087081.97
2021-08-31,5.95,5.96,5.6,5.67,22719093,129810813.71
2021-09-01,5.67,5.72,5.59,5.66,14875885,84048937.66
2021-09-02,5.65,5.71,5.6,5.69,12089686,68314501.11
2021-09-03,5.86,6.03,5.81,5.86,20555970,120982131.8
2021-09-06,5.8,5.97,5.79,5.95,15571424,91994191.11
2021-09-07,5.93,6.03,5.88,6.0,14972985,89388671.01
2021-09-08,6.0,6.15,5.98,6.13,14210857,86597250.34
2021-09-09,6.13,6.22,6.06,6.19,15354180,94669893.28
2021-09-10,6.15,6.26,6.11,6.19,12496190,77338027.1
2021-09-13,6.14,6.48,6.14,6.39,22452052,142950981.46
2021-09-14,6.42,6.57,6.35,6.38,23548513,151801038.59
2021-09-15,6.34,6.65,6.32,6.56,21172918,138434277.54
2021-09-16,6.52,6.66,6.47,6.52,22914980,150287525.15
2021-09-17,6.55,6.6,6.26,6.42,19171913,122938897.07
2021-09-22,6.31,6.5,6.24,6.48,15109979,96896326.24
2021-09-23,6.48,6.88,6.48,6.7,29214112,196802549.2
2021-09-24,6.66,6.79,6.52,6.53,14415930,95152935.76
2021-09-27,6.61,6.61,6.12,6.2,15964910,100397810.5
2021-09-28,6.2,6.25,6.06,6.12,13123587,80445092.89
2021-09-29,6.06,6.12,5.88,5.91,13584800,81142351.0
2021-09-30,5.9,5.98,5.85,5.93,10314170,60967818.98
2021-10-08,5.95,6.3,5.95,6.1,14413606,88657304.2
2021-10-11,6.1,6.22,6.06,6.11,7787128,47690464.0
2021-10-12,6.11,6.14,5.89,5.94,11088886,66304441.7
2021-10-13,5.91,6.04,5.91,6.0,7252116,43458845.3
2021-10-14,6.0,6.08,5.95,6.04,6327205,38115420.21
2021-10-15,6.05,6.05,5.85,5.86,9272844,54850069.74
2021-10-18,5.86,5.99,5.84,5.85,8452377,49616833.83
2021-10-19,5.87,5.87,5.72,5.73,10575500,60966623.0
2021-10-20,5.76,5.84,5.73,5.8,6683968,38724404.72
2021-10-21,5.76,5.84,5.73,5.73,6204818,35867068.13
2021-10-22,5.74,5.74,5.62,5.62,8140200,46216668.0
2021-10-25,5.68,5.74,5.62,5.68,5906725,33572677.0
2021-10-26,5.68,5.79,5.63,5.64,7889051,44986197.73
2021-10-27,5.66,5.68,5.36,5.42,13171428,72003111.36
2021-10-28,5.41,5.44,5.26,5.29,7273954,38683748.14
2021-10-29,5.29,5.39,5.26,5.36,5510095,29441852.7
2021-11-01,5.37,5.57,5.36,5.51,9905241,54393802.72
2021-11-02,5.5,5.63,5.33,5.42,7747339,42423932.41
2021-11-03,5.43,5.48,5.36,5.43,4797991,25981537.76
2021-11-04,5.43,5.52,5.4,5.5,5546014,30403337.16
2021-11-05,5.48,5.56,5.48,5.51,5100426,28189466.48
2021-11-08,5.52,5.62,5.45,5.57,5753700,32011309.42
2021-11-09,5.6,5.62,5.57,5.61,3774776,21148053.1
2021-11-10,5.6,5.63,5.52,5.58,5192450,28862670.5
2021-11-11,5.58,5.7,5.57,5.64,4608431,25965323.54
2021-11-12,5.62,5.77,5.57,5.75,7996788,45297301.32
2021-11-15,5.76,5.82,5.67,5.78,9733100,56099884.0
2021-11-16,5.78,5.82,5.67,5.67,6676093,38307366.81
2021-11-17,5.65,5.8,5.61,5.78,5207469,29928963.21
2021-11-18,5.78,5.81,5.65,5.65,6545612,37333359.3
2021-11-19,5.63,5.73,5.61,5.7,6200298,35178570.43
2021-11-22,5.67,5.73,5.66,5.7,6482016,36929910.2
2021-11-23,5.71,5.8,5.61,5.68,12010037,68531996.9
2021-11-24,5.67,5.7,5.62,5.68,8287736,46875025.83
2021-11-25,5.67,5.72,5.63,5.68,5739247,32591726.96
2021-11-26,5.69,5.7,5.59,5.62,7786832,43865149.16
2021-11-29,5.53,5.58,5.48,5.5,8533826,47122879.16
2021-11-30,5.51,5.95,5.51,5.82,21624170,124725210.91
2021-12-01,5.82,5.84,5.75,5.79,8912877,51573426.4
2021-12-02,5.78,5.81,5.7,5.72,7035700,40464507.0
2021-12-03,5.74,6.29,5.72,6.07,36727720,223985417.76
2021-12-06,6.06,6.58,6.04,6.26,42846725,272659754.9
2021-12-07,6.21,6.44,6.2,6.26,24648609,154896350.93
2021-12-08,6.24,6.54,6.22,6.49,32123811,207277754.97
2021-12-09,6.44,6.55,6.38,6.53,23956107,155227357.46
2021-12-10,6.5,6.75,6.48,6.57,33985184,224604021.56
2021-12-13,6.51,6.55,6.35,6.4,23169288,148432065.98
2021-12-14,6.41,6.78,6.38,6.61,28667317,189239582.77
2021-12-15,6.63,6.84,6.56,6.75,25369645,171125196.46
2021-12-16,6.75,6.83,6.6,6.68,17654649,117920409.42
2021-12-17,6.75,6.75,6.54,6.58,17523173,115585913.53
2021-12-20,6.54,6.84,6.54,6.61,21108833,140809859.38
2021-12-21,6.64,6.77,6.5,6.67,21336947,141157583.21
2021-12-22,6.69,7.03,6.64,6.89,32547677,224938334.63
2021-12-23,6.82,6.87,6.64,6.65,22056676,148512375.0
2021-12-24,6.71,6.76,6.5,6.54,16154288,106231980.62
2021-12-27,6.57,7.19,6.48,7.19,50778033,358845436.16
2021-12-28,7.5,7.91,7.28,7.91,57778138,441070532.98
2021-12-29,8.21,8.7,7.9,8.13,156588703,1296599644.52
2021-12-30,8.11,8.93,7.67,8.59,145208147,1199213094.91
2021-12-31,8.39,8.43,7.98,7.99,85906960,703108110.47
2022-01-04,7.9,8.22,7.86,8.09,61399394,494772495.69
2022-01-05,8.05,8.29,7.66,7.77,59618181,472745038.27
2022-01-06,7.65,7.93,7.65,7.71,34080336,264406471.15
2022-01-07,7.7,7.85,7.5,7.58,36567998,280467269.29
2022-01-10,7.66,7.98,7.61,7.68,32983092,255268981.49
2022-01-11,7.69,7.87,7.55,7.62,24049756,185346877.27
2022-01-12,7.6,7.88,7.51,7.82,27354638,212497665.76
2022-01-13,7.81,7.85,7.64,7.71,20703565,160002564.01
2022-01-14,7.71,7.73,7.56,7.58,16442562,125475637.4
2022-01-17,7.86,8.0,7.67,7.93,38952353,306918621.18
2022-01-18,7.85,7.91,7.61,7.62,24016387,186137555.67
2022-01-19,7.62,7.72,7.32,7.46,27710389,206545351.54
2022-01-20,7.46,7.52,7.0,7.08,30114378,217163359.78
2022-01-21,7.01,7.15,6.76,6.8,36673244,253179669.27
2022-01-24,6.78,6.92,6.73,6.79,14583937,99472793.86
2022-01-25,6.75,6.81,6.42,6.43,23246388,152274198.53
2022-01-26,6.45,6.58,6.33,6.38,15173733,97514548.03
2022-01-27,6.56,6.63,6.27,6.31,15649320,100272467.22
2022-01-28,6.29,6.39,6.2,6.2,14966962,94072306.17
2022-02-07,6.35,6.47,6.2,6.23,17701048,111548936.65
2022-02-08,6.23,6.44,6.2,6.33,16595154,105054754.71
2022-02-09,6.34,6.53,6.33,6.51,14911991,96063395.4
2022-02-10,6.53,6.53,6.32,6.46,20141257,129220942.47
2022-02-11,6.49,6.49,6.18,6.21,17610131,110674787.33
2022-02-14,6.16,6.32,6.12,6.25,11303826,70571522.45
2022-02-15,6.21,6.34,6.18,6.27,9162322,57268134.19
2022-02-16,6.29,6.35,6.27,6.33,10847900,68509135.22
2022-02-17,6.32,6.35,6.24,6.24,12675151,79673482.81
2022-02-18,6.24,6.36,6.21,6.36,10980235,69324110.25
2022-02-21,6.42,6.78,6.37,6.68,23672977,156396707.52
2022-02-22,6.61,6.65,6.47,6.53,14344502,93871205.98
2022-02-23,6.5,6.74,6.5,6.71,15169990,100923435.52
2022-02-24,6.66,6.78,6.35,6.53,24020789,158141254.88
2022-02-25,6.51,6.61,6.48,6.49,12321687,80470640.66
2022-02-28,6.49,6.65,6.38,6.51,11714405,76372429.0
2022-03-01,6.49,6.68,6.48,6.65,14128598,93139026.0
2022-03-02,6.64,6.75,6.6,6.66,10242912,68299850.0
2022-03-03,6.72,6.72,6.55,6.58,12424760,82262397.0
2022-03-04,6.55,6.58,6.39,6.42,11937728,77421575.0
2022-03-07,6.42,6.52,6.29,6.33,11879635,75957392.0
2022-03-08,6.36,6.49,6.23,6.24,12289833,77667614.0
2022-03-09,6.22,6.44,5.96,6.44,21567146,134303280.0
2022-03-10,6.61,7.08,6.44,6.87,42224295,284752288.0
2022-03-11,6.67,6.85,6.61,6.74,29197081,196520017.0
2022-03-14,6.72,6.93,6.62,6.62,21305444,144229322.0
2022-03-15,6.52,6.68,6.2,6.21,24281380,157023103.0
2022-03-16,6.32,6.41,6.0,6.39,25479544,158972177.0
2022-03-17,6.46,6.53,6.34,6.4,17386949,112064703.0
2022-03-18,6.34,7.04,6.32,7.04,34223746,235968019.27
2022-03-21,7.12,7.58,7.04,7.32,63607421,462163431.36
2022-03-22,7.26,7.37,7.16,7.26,32084937,232670324.26
2022-03-23,7.25,7.65,7.25,7.46,42550702,315961223.6
2022-03-24,7.34,7.66,7.2,7.27,35453772,262341016.51
2022-03-25,7.27,7.54,7.24,7.38,26786922,197735458.84
2022-03-28,7.25,7.32,7.07,7.2,17970694,129107045.08
2022-03-29,7.24,7.41,7.11,7.25,20351350,147342506.82
2022-03-30,7.25,7.9,7.2,7.59,40683506,311818387.51
2022-03-31,7.6,7.96,7.5,7.86,40925424,316182874.69
2022-04-01,7.77,8.34,7.63,8.1,48079717,387093481.18
2022-04-06,7.99,8.06,7.58,7.72,38504187,299516014.89
2022-04-07,7.66,7.73,7.35,7.39,27478007,206611578.91
2022-04-08,7.36,7.43,7.04,7.09,25396692,181920055.45
2022-04-11,7.0,7.1,6.54,6.62,26845120,180581255.76
2022-04-12,6.68,6.8,6.56,6.76,18648449,124835181.04
2022-04-13,6.71,6.77,6.56,6.57,12816485,85300070.45
2022-04-14,6.61,7.23,6.57,7.23,24334158,169360994.29
2022-04-15,7.48,7.52,7.14,7.3,37119099,271582223.58
2022-04-18,7.25,7.65,7.11,7.53,28934940,216637738.08
2022-04-19,7.43,7.59,7.36,7.41,20913099,155374792.91
2022-04-20,7.39,7.64,7.36,7.43,24965787,187358829.98
2022-04-21,7.34,7.43,6.96,6.97,25337148,181567353.95
2022-04-22,7.1,7.67,7.03,7.48,43401145,322862526.7
2022-04-25,7.35,7.55,6.73,6.73,40809997,287541412.09
2022-04-26,6.73,7.26,6.38,6.94,40540657,279798957.22
2022-04-27,6.84,7.63,6.84,7.63,67312918,504470664.98
2022-04-28,7.77,8.14,7.63,7.89,85032005,666147609.54
2022-04-29,7.69,8.06,7.52,7.89,69353993,540048591.8
2022-05-05,7.27,8.08,7.23,8.07,68004773,526212110.43
2022-05-06,7.85,8.67,7.78,7.81,75787260,619060880.48
2022-05-09,7.81,8.59,7.7,8.59,46521705,390965649.15
2022-05-10,8.81,9.45,8.58,8.89,128060494,1162141403.04
2022-05-11,8.85,9.67,8.73,8.89,113951871,1038297613.72
2022-05-12,8.78,9.08,8.52,8.68,72166674,633217390.94
2022-05-13,8.74,9.5,8.61,9.12,84287313,771266217.6
2022-05-16,9.25,10.03,8.87,10.03,111785689,1058723678.83
2022-05-17,10.0,10.94,9.62,10.25,138256802,1404332752.86
2022-05-18,10.07,10.84,9.97,9.97,103250962,1068359877.42
2022-05-19,9.74,10.13,9.67,9.77,72747248,716785584.0
2022-05-20,9.96,10.41,9.77,10.0,75025853,756629024.24
2022-05-23,9.9,10.4,9.72,9.82,72416055,727354645.98
2022-05-24,9.52,9.53,8.84,8.84,39483010,354019412.13
2022-05-25,8.2,8.4,7.96,8.01,85367000,691855357.89
2022-05-26,8.13,8.24,8.0,8.04,33931360,274617321.21
2022-05-27,8.04,8.33,7.98,8.06,34359125,279939471.18
2022-05-30,8.16,8.18,7.86,8.0,28889140,231158187.06
2022-05-31,7.92,8.39,7.87,8.2,36268087,294379975.63
2022-06-01,8.17,8.5,8.11,8.35,33184945,276104874.85
2022-06-02,8.2,8.38,8.11,8.27,24724409,203422341.92
2022-06-06,8.24,8.27,7.96,8.04,31706819,254886142.46
2022-06-07,8.03,8.36,7.94,8.13,26545237,216237635.81
2022-06-08,8.09,8.24,7.85,7.99,33023059,264651093.49
2022-06-09,8.05,8.05,7.57,7.57,36469361,282093251.08
2022-06-10,7.51,7.77,7.5,7.7,25232128,193565128.51
2022-06-13,7.62,7.89,7.6,7.81,19773089,153706663.49
2022-06-14,7.71,7.81,7.49,7.75,16462632,125870051.08
2022-06-15,7.8,7.97,7.69,7.81,22052880,172776747.41
2022-06-16,7.8,8.07,7.77,7.89,21338045,168649221.32
2022-06-17,7.86,8.04,7.71,7.81,20953264,164683284.05
2022-06-20,7.83,8.0,7.74,7.88,13566603,106284459.04
2022-06-21,7.88,8.03,7.67,7.94,23010921,180740773.48
2022-06-22,7.81,8.24,7.75,7.95,35482195,284095121.43
2022-06-23,8.06,8.07,7.75,8.0,25899673,204213106.72
2022-06-24,8.0,8.05,7.9,7.92,17466661,138930285.5
2022-06-27,7.96,8.04,7.83,7.93,17852907,141561405.52
2022-06-28,7.93,8.15,7.84,8.11,28081931,224352629.93
2022-06-29,8.15,8.55,8.05,8.11,44321841,367450471.62
2022-06-30,8.3,8.92,8.21,8.75,64114555,558790948.36
2022-07-01,8.65,8.86,8.57,8.8,33353448,291225114.15
2022-07-04,8.8,9.16,8.73,8.76,31549183,280643706.33
2022-07-05,8.73,8.84,8.65,8.81,22513516,196844494.32
2022-07-06,8.76,8.99,8.62,8.72,25318137,222760494.47
2022-07-07,8.72,8.79,8.57,8.58,18596599,161132884.15
2022-07-08,8.58,8.68,8.48,8.55,16469529,141339497.15
2022-07-11,8.62,8.64,8.28,8.41,18526637,155437917.06
2022-07-12,8.44,8.44,8.19,8.21,13174641,109190635.46
2022-07-13,8.26,8.37,8.15,8.32,11279945,93425515.32
2022-07-14,8.28,8.34,8.0,8.12,17182228,139774095.94
2022-07-15,7.83,8.05,7.8,7.82,16427961,129909134.74
2022-07-18,7.81,7.96,7.81,7.93,10084909,79668710.83
2022-07-19,7.89,8.01,7.83,7.95,11756668,93120968.92
2022-07-20,8.01,8.22,7.95,8.11,14809683,119733893.04
2022-07-21,8.08,8.25,8.01,8.08,11921970,96909027.27
2022-07-22,8.11,8.19,8.05,8.14,9146719,74253975.88
2022-07-25,8.14,8.15,7.86,7.88,10584001,84360946.05
2022-07-26,7.89,8.21,7.86,8.2,13058150,105721470.8
2022-07-27,8.22,8.22,8.07,8.15,9564108,77842905.94
2022-07-28,8.17,8.35,8.17,8.18,9855044,81240002.15
2022-07-29,8.13,8.21,7.99,8.0,10612011,85756626.77
2022-08-01,8.0,8.05,7.8,7.93,8284611,65744342.62
2022-08-02,7.87,7.9,7.54,7.6,17126559,131237677.09
2022-08-03,7.6,7.79,7.54,7.58,10517713,80759244.68
2022-08-04,7.65,7.72,7.51,7.64,6944714,52861293.0
2022-08-05,7.71,8.15,7.66,8.08,21982169,173375656.0
2022-08-08,8.07,8.25,8.0,8.1,13217025,106875054.0
2022-08-09,8.08,8.19,8.03,8.12,10270400,83346827.0
2022-08-10,8.11,8.14,7.96,8.03,10227987,82092343.0
2022-08-11,8.04,8.2,8.01,8.1,14991200,121318756.0
2022-08-12,8.1,8.15,8.0,8.02,10956369,88270267.0
2022-08-15,8.03,8.64,7.98,8.45,33984192,282621025.5
2022-08-16,8.45,8.47,8.22,8.27,18192969,150846690.17
2022-08-17,8.4,8.4,8.18,8.26,9979985,82355246.37
2022-08-18,8.33,8.34,8.22,8.3,10478317,86729227.38
2022-08-19,8.27,8.82,8.27,8.3,29337714,250372339.97
2022-08-22,8.25,8.38,8.12,8.25,15977845,131724839.7
2022-08-23,8.29,8.6,8.13,8.42,20833070,173273487.44
2022-08-24,8.4,8.42,7.91,7.96,22835923,185219121.82
2022-08-25,7.94,8.07,7.88,8.0,9528883,75768464.45
2022-08-26,8.04,8.05,7.92,7.92,7475227,59634696.82
2022-08-29,7.9,8.71,7.77,8.51,43191728,363225706.57
2022-08-30,8.48,8.9,8.25,8.65,51869049,446816284.54
2022-08-31,8.7,8.88,8.46,8.6,30545740,264132990.83
2022-09-01,8.56,9.0,8.47,8.84,33317579,291773964.02
2022-09-02,8.8,9.08,8.71,8.77,27457744,244018146.18
2022-09-05,8.76,8.82,8.57,8.7,18352412,159348344.6
2022-09-06,8.75,8.9,8.58,8.9,23763848,207633054.71
2022-09-07,8.88,9.45,8.85,9.03,42817209,390927387.64
2022-09-08,9.0,9.12,8.73,8.76,23549181,209176893.31
2022-09-09,8.68,9.28,8.66,9.11,32159344,290168800.63
2022-09-13,9.09,9.36,9.04,9.13,20488175,187990903.84
2022-09-14,8.98,9.45,8.87,9.35,31585943,289184648.23
2022-09-15,9.3,9.53,8.96,9.09,32668747,302989425.01
2022-09-16,9.11,9.15,8.27,8.35,33070630,285221294.02
2022-09-19,8.2,8.56,8.18,8.28,18980694,158474725.08
2022-09-20,8.38,8.43,8.22,8.25,13130538,109087444.74
2022-09-21,8.17,8.3,8.14,8.24,10754263,88257743.92
2022-09-22,8.1,8.26,8.03,8.11,11057841,89912135.46
2022-09-23,8.1,8.16,7.78,7.81,14478875,114908692.65
2022-09-26,7.71,7.92,7.59,7.59,10838939,83891701.42
2022-09-27,7.6,7.77,7.57,7.75,8934100,68534513.0
2022-09-28,7.76,7.79,7.51,7.51,7416192,56604298.34
2022-09-29,7.61,7.68,7.37,7.43,8174900,61482168.8
2022-09-30,7.43,7.53,7.4,7.44,5170160,38538872.74
2022-10-10,7.44,7.54,7.19,7.24,11120466,82031441.47
2022-10-11,7.3,7.3,7.12,7.2,5731600,41147834.53
2022-10-12,7.24,7.42,7.1,7.41,9702252,70650140.91
2022-10-13,7.4,7.58,7.33,7.48,8430863,63070785.03
2022-10-14,7.48,7.59,7.47,7.53,8041367,60658128.65
2022-10-17,7.51,7.63,7.5,7.61,7394664,55945593.49
2022-10-18,7.61,7.75,7.56,7.61,7529172,57450039.54
2022-10-19,7.69,7.69,7.43,7.47,7899012,59497596.62
2022-10-20,7.5,7.64,7.37,7.5,8353562,62605745.62
2022-10-21,7.49,7.56,7.39,7.51,6771598,50746831.06
2022-10-24,7.46,7.69,7.3,7.31,10334496,77317429.58
2022-10-25,7.24,7.35,7.11,7.25,9503410,68742633.39
2022-10-26,7.26,7.46,7.24,7.35,6635884,48788862.31
2022-10-27,7.35,7.44,7.26,7.26,7016041,51482590.19
2022-10-28,7.23,7.27,6.85,6.88,14565767,102170984.65
2022-10-31,6.8,7.07,6.77,6.94,10137509,70641656.56
2022-11-01,6.95,7.12,6.92,7.11,7449468,52477101.66
2022-11-02,7.12,7.34,7.12,7.26,10879459,78775177.55
2022-11-03,7.18,7.44,7.16,7.42,9942107,72764471.87
2022-11-04,7.41,7.53,7.38,7.49,7234386,53937201.66
2022-11-07,7.45,7.65,7.45,7.54,9315796,70320234.68
2022-11-08,7.54,7.63,7.46,7.54,7026950,52937669.5
2022-11-09,7.53,7.7,7.5,7.66,8043123,61351619.95
2022-11-10,7.61,7.73,7.56,7.65,7603929,58244232.46
2022-11-11,7.8,7.83,7.51,7.53,11413357,87385565.51
2022-11-14,7.52,7.64,7.45,7.48,7730901,58165695.69
2022-11-15,7.48,8.05,7.37,7.95,28588301,223862343.95
2022-11-16,7.83,7.91,7.73,7.77,16107242,125823793.59
2022-11-17,7.73,7.89,7.7,7.87,10910636,85198675.12
2022-11-18,7.83,7.88,7.66,7.67,10815993,84042201.76
2022-11-21,7.62,7.7,7.54,7.58,7123926,54071847.6
2022-11-22,7.57,7.61,7.39,7.42,10854200,81274867.0
2022-11-23,7.86,7.88,7.55,7.61,19561578,150145297.06
2022-11-24,7.62,7.7,7.37,7.4,12222861,91266407.57
2022-11-25,7.43,7.5,7.31,7.42,6169096,45834595.3
2022-11-28,7.34,7.41,7.26,7.38,6503885,47766853.75
2022-11-29,7.37,7.51,7.34,7.48,9965748,74140365.37
2022-11-30,7.48,7.51,7.33,7.41,6464385,48013683.39
2022-12-01,7.42,7.56,7.42,7.45,7408200,55429032.91
2022-12-02,7.4,7.73,7.4,7.62,12371159,94244382.24
2022-12-05,7.62,7.71,7.58,7.67,8234134,62980400.61
2022-12-06,7.69,7.77,7.56,7.64,8190027,62959907.94
2022-12-07,7.63,7.68,7.59,7.64,4777944,36438973.72
2022-12-08,7.63,7.75,7.58,7.65,5815083,44541061.93
2022-12-09,7.63,7.77,7.6,7.7,6912655,53162190.68
2022-12-12,7.66,7.68,7.41,7.53,7646007,57613642.25
2022-12-13,7.58,7.58,7.36,7.36,6972408,51895455.15
2022-12-14,7.32,7.56,7.3,7.35,6507929,48186564.86
2022-12-15,7.33,7.47,7.33,7.36,4227987,31199837.19
2022-12-16,7.36,7.41,7.16,7.17,7844806,56681226.91
2022-12-19,7.17,7.23,6.97,6.99,6423140,45296478.0
2022-12-20,6.98,7.08,6.95,7.0,4804168,33644838.39
2022-12-21,6.99,7.09,6.83,6.91,6267902,43232037.86
2022-12-22,6.95,6.95,6.7,6.75,7063679,48140780.3
2022-12-23,6.7,6.83,6.7,6.76,4955770,33511904.96
2022-12-26,6.74,6.96,6.74,6.9,4740019,32563948.18
2022-12-27,6.92,6.95,6.82,6.92,3531155,24298748.19
2022-12-28,6.92,6.99,6.85,6.92,3999035,27640919.26
2022-12-29,6.92,6.94,6.82,6.85,3242714,22299809.62
2022-12-30,6.84,6.98,6.83,6.96,4461046,30793625.18
2023-01-03,6.9,7.3,6.86,7.12,8000725,56728742.87
2023-01-04,7.09,7.45,7.09,7.3,11107386,81257937.87
2023-01-05,7.28,7.4,7.25,7.29,6667020,48770824.8
2023-01-06,7.27,7.31,7.17,7.22,5221748,37773871.74
2023-01-09,7.2,7.25,7.14,7.19,4585019,33016324.91
2023-01-10,7.19,7.25,7.12,7.18,3819735,27430627.95
2023-01-11,7.18,7.2,7.02,7.05,5103569,36317002.76
2023-01-12,7.03,7.1,7.02,7.04,3245590,22911297.37
2023-01-13,7.04,7.09,6.96,7.06,4469172,31330445.13
2023-01-16,7.04,7.15,7.04,7.09,5865795,41684339.8
2023-01-17,7.12,7.12,7.01,7.05,2986900,21094067.0
2023-01-18,7.08,7.1,7.03,7.05,2846508,20101564.53
2023-01-19,7.08,7.14,7.03,7.11,4368300,30971966.0
2023-01-20,7.14,7.17,7.11,7.17,4541805,32443118.12
2023-01-30,7.25,7.35,7.2,7.24,10282805,74673841.97
2023-01-31,7.27,7.27,7.15,7.22,5991295,43132957.95
2023-02-01,7.19,7.28,7.18,7.27,6823941,49409449.54
2023-02-02,7.37,7.38,7.22,7.25,7950683,57845790.7
2023-02-03,7.2,7.32,7.12,7.22,12119847,87384902.42
2023-02-06,7.23,7.23,7.1,7.11,7915540,56532341.42
2023-02-07,7.1,7.16,7.05,7.16,7525200,53517430.0
2023-02-08,7.16,7.19,7.08,7.09,5894676,41994091.84
2023-02-09,7.08,7.56,7.04,7.42,28149474,207290639.3
2023-02-10,7.49,7.55,7.32,7.38,15904600,117978838.1
2023-02-13,7.4,7.49,7.37,7.42,12884980,95688595.25
2023-02-14,7.41,7.44,7.28,7.33,9048743,66315659.74
2023-02-15,7.36,7.63,7.3,7.55,20076264,150336273.59
2023-02-16,7.5,7.55,7.23,7.31,18115643,134240648.63
2023-02-17,7.31,7.32,7.1,7.12,10857647,78049089.96
2023-02-20,7.14,7.19,7.03,7.18,8178628,58242057.2
2023-02-21,7.18,7.29,7.16,7.2,8072181,58209075.26
2023-02-22,7.16,7.25,7.15,7.21,5119100,36835256.19
2023-02-23,7.21,7.21,7.07,7.1,6589200,46987246.0
2023-02-24,7.1,7.15,7.03,7.05,5668482,40076674.48
2023-02-27,7.0,7.04,6.9,6.91,8564000,59583633.11
2023-02-28,6.93,7.04,6.9,6.99,7599668,52937809.47
2023-03-01,7.03,7.13,6.97,7.09,8779204,62130555.77
2023-03-02,7.12,7.15,7.06,7.1,8593273,60966876.8
2023-03-03,7.12,7.3,7.05,7.28,17314416,124574266.72
2023-03-06,7.2,7.28,7.15,7.16,10870919,78267800.18
2023-03-07,7.17,7.21,7.01,7.01,8687493,61496902.81
2023-03-08,7.0,7.07,6.97,7.06,5000361,35136439.33
2023-03-09,7.11,7.21,7.04,7.14,10987987,78425373.35
2023-03-10,7.08,7.13,7.04,7.05,6945128,49197633.66
2023-03-13,7.0,7.05,6.94,7.02,6647607,46497453.08
2023-03-14,7.0,7.04,6.85,6.96,10230406,71046458.72
2023-03-15,7.0,7.04,6.92,6.93,6871801,47871851.93
2023-03-16,6.92,6.92,6.31,6.68,13598351,91152721.65
2023-03-17,6.71,6.89,6.71,6.82,9954007,67799545.4
2023-03-20,6.84,6.87,6.69,6.72,7963047,53727088.18
2023-03-21,6.72,6.77,6.67,6.76,5649469,38030377.86
2023-03-22,6.79,6.87,6.75,6.83,5721895,38994635.25
2023-03-23,6.85,7.02,6.77,6.99,10139930,70202532.98
2023-03-24,6.96,7.19,6.95,7.1,12817009,90740393.78
2023-03-27,7.08,7.15,6.99,7.06,10332439,73170350.14
2023-03-28,7.09,7.09,6.9,6.92,7056820,49160811.44
2023-03-29,6.91,6.97,6.83,6.85,6920225,47642289.75
2023-03-30,6.86,6.87,6.67,6.7,11493400,77341739.71
2023-03-31,6.71,6.72,6.63,6.69,6940369,46332960.16
2023-04-03,6.68,6.85,6.68,6.82,8343600,56676965.0
2023-04-04,6.82,6.95,6.78,6.85,9426001,64758206.61
2023-04-06,6.82,7.0,6.71,6.89,10040000,68740308.0
2023-04-07,6.89,6.92,6.81,6.92,7452676,51219242.42
2023-04-10,6.9,6.94,6.76,6.79,6911477,47232146.18
2023-04-11,6.77,6.89,6.74,6.81,5984011,40770999.73
2023-04-12,6.87,7.06,6.79,6.93,12214283,84600095.38
2023-04-13,6.95,6.95,6.75,6.77,10647963,72533855.98
2023-04-14,6.78,6.8,6.64,6.66,8592343,57519033.38
2023-04-17,6.66,6.66,6.5,6.62,7909591,52206986.96
2023-04-18,6.62,6.64,6.31,6.33,16417922,105218428.76
2023-04-19,6.36,6.4,6.25,6.29,8083495,50958425.46
2023-04-20,6.25,6.3,6.14,6.17,10644365,65882869.79
2023-04-21,6.18,6.22,5.96,5.97,12348168,74801311.74
2023-04-24,5.95,6.0,5.7,5.73,19164652,111079145.77
2023-04-25,5.78,5.92,5.65,5.72,16248938,93848568.04
2023-04-26,5.72,5.78,5.66,5.75,9598664,55063076.64
2023-04-27,5.75,5.85,5.73,5.75,8180325,47267870.49
2023-04-28,5.73,5.81,5.72,5.78,10767642,62139862.77
2023-05-04,5.77,5.92,5.77,5.85,14494490,84728667.66
2023-05-05,5.85,5.88,5.77,5.82,8672664,50484648.64
2023-05-08,5.85,5.87,5.79,5.82,7825000,45492155.0
2023-05-09,5.82,5.82,5.7,5.71,11307175,64974105.19
2023-05-10,5.7,5.73,5.65,5.69,8055402,45822199.97
2023-05-11,5.68,5.74,5.66,5.71,6749542,38491661.76
2023-05-12,5.69,5.74,5.54,5.54,13542198,76054561.66
2023-05-15,5.54,5.56,5.4,5.5,11817629,64645156.76
2023-05-16,5.49,5.51,5.4,5.42,9695528,52661954.57
2023-05-17,5.4,5.44,5.36,5.44,9318485,50409184.39
2023-05-18,5.41,5.5,5.41,5.47,9197205,50247954.48
2023-05-19,5.49,5.58,5.43,5.57,9386536,51823642.63
2023-05-22,5.56,5.58,5.47,5.52,6388156,35181403.51
2023-05-23,5.5,5.52,5.41,5.44,5870367,32088073.14
2023-05-24,5.39,5.47,5.39,5.41,5522684,29935399.24
2023-05-25,5.4,5.48,5.31,5.38,8899468,47864324.84
2023-05-26,5.4,5.41,5.26,5.38,8005315,42759427.75
2023-05-29,5.41,5.42,5.24,5.25,9204660,48812319.76
2023-05-30,5.25,5.32,5.15,5.3,11073150,57973641.51
2023-05-31,5.3,5.48,5.3,5.46,12062600,65325270.0
2023-06-01,5.47,5.6,5.4,5.55,9957900,54989955.0
2023-06-02,5.55,5.64,5.52,5.59,8079244,45107161.67
2023-06-05,5.58,5.63,5.57,5.61,7311869,40979761.57
2023-06-06,5.6,5.6,5.42,5.45,7433240,40882053.1
2023-06-07,5.43,5.48,5.37,5.41,8297825,44894126.75
2023-06-08,5.46,5.46,5.28,5.35,9046700,48295444.0
2023-06-09,5.37,5.37,5.28,5.31,6808223,36145552.44
2023-06-12,5.32,5.42,5.28,5.37,7007482,37551567.32
2023-06-13,5.45,5.51,5.36,5.48,9858660,53765471.59
2023-06-14,5.46,5.48,5.38,5.44,7056800,38302009.63
2023-06-15,5.45,5.49,5.4,5.41,6993200,37958272.0
2023-06-16,5.41,5.44,5.36,5.41,6068481,32858167.52
2023-06-19,5.43,5.62,5.42,5.53,15395677,85359531.65
2023-06-20,5.53,5.53,5.46,5.46,9166700,50283302.58
2023-06-21,5.46,5.47,5.33,5.35,9854589,53066803.65
2023-06-26,5.33,5.33,5.15,5.15,12743380,66392072.5
2023-06-27,5.15,5.31,5.12,5.3,11008984,57834963.07
2023-06-28,5.29,5.3,5.12,5.21,10486421,54485197.49
2023-06-29,5.21,5.73,5.2,5.73,32482124,183187379.46
2023-06-30,5.76,5.8,5.62,5.63,47156493,268270946.62
2023-07-03,5.69,5.8,5.6,5.67,35079886,199033650.12
2023-07-04,5.62,5.73,5.59,5.69,19396598,109938249.58
2023-07-05,5.71,5.74,5.63,5.65,14491687,82173432.94
2023-07-06,5.62,5.68,5.61,5.64,10909577,61591695.74
2023-07-07,5.66,5.66,5.51,5.53,14165357,78504704.52
2023-07-10,5.55,5.55,5.45,5.47,10763908,59082524.76
2023-07-11,5.5,5.53,5.46,5.52,7196373,39584858.68
2023-07-12,5.53,5.55,5.38,5.39,10862608,59338071.92
2023-07-13,5.39,5.47,5.36,5.43,9264038,50350436.1
2023-07-14,5.44,5.66,5.42,5.54,21013413,116855330.55
2023-07-17,5.49,5.5,5.33,5.37,14254588,76493887.36
2023-07-18,5.4,5.46,5.35,5.39,8539189,46143346.05
2023-07-19,5.37,5.41,5.29,5.31,8897134,47418260.74
2023-07-20,5.31,5.33,5.21,5.22,10551700,55572995.83
2023-07-21,5.23,5.29,5.21,5.24,7439059,39063595.38
2023-07-24,5.25,5.37,5.23,5.31,9226608,48942816.44
2023-07-25,5.35,5.68,5.33,5.53,25202840,138443736.8
2023-07-26,5.5,5.54,5.43,5.52,12123957,66357493.14
2023-07-27,5.52,5.56,5.45,5.46,8735148,47912407.08
2023-07-28,5.44,5.53,5.37,5.49,10887743,59405757.64
2023-07-31,5.51,5.59,5.5,5.54,14900225,82595479.82
2023-08-01,5.56,5.76,5.5,5.72,26603243,150474432.5
2023-08-02,5.7,5.87,5.66,5.72,21200050,122272472.14
2023-08-03,5.71,5.79,5.64,5.76,14579448,83497879.74
2023-08-04,5.75,5.79,5.69,5.69,14694600,84308409.0
2023-08-07,5.68,5.72,5.61,5.63,8550194,48231896.28
2023-08-08,5.64,5.66,5.55,5.56,7263300,40526063.0
2023-08-09,5.53,5.63,5.52,5.54,5997400,33413064.0
2023-08-10,5.54,5.68,5.5,5.61,10856700,60630965.0
2023-08-11,5.62,5.66,5.41,5.42,11570200,63625725.0
2023-08-14,5.38,5.43,5.33,5.42,7970500,42879832.0
2023-08-15,5.42,5.44,5.29,5.35,9047926,48367603.58
2023-08-16,5.36,5.38,5.31,5.31,4550943,24284006.19
2023-08-17,5.31,5.44,5.26,5.42,7562543,40584671.06
2023-08-18,5.42,5.46,5.29,5.29,7368501,39464678.42
2023-08-21,5.29,5.35,5.24,5.25,6864712,36309508.88
2023-08-22,5.27,5.28,5.14,5.25,10894511,56638832.33
2023-08-23,5.25,5.25,5.17,5.19,5620500,29252114.0
2023-08-24,5.23,5.23,5.11,5.16,8960997,46175865.45
2023-08-25,5.13,5.13,4.93,4.96,12067900,60339034.47
2023-08-28,5.2,5.2,4.86,4.86,19260511,96635240.57
2023-08-29,4.88,5.05,4.87,5.05,16030425,79850158.09
2023-08-30,5.07,5.14,5.05,5.09,11388100,57968055.0
2023-08-31,5.1,5.1,4.97,5.01,6834600,34255143.52
2023-09-01,5.04,5.06,4.97,4.99,5022525,25117948.86
2023-09-04,5.01,5.12,4.99,5.12,8551038,43309033.29
2023-09-05,5.1,5.18,5.08,5.14,9384429,48216370.4
2023-09-06,5.09,5.29,5.09,5.28,12141059,63345539.02
2023-09-07,5.38,5.61,5.09,5.1,24969345,131795078.61
2023-09-08,5.02,5.61,5.02,5.24,39025041,208858832.68
2023-09-11,5.25,5.32,5.17,5.24,21260010,111361279.0
2023-09-12,5.25,5.29,5.19,5.2,11485700,59957688.56
2023-09-13,5.2,5.22,5.09,5.12,12745244,65401832.19
2023-09-14,5.09,5.11,5.01,5.06,8895587,45015194.42
2023-09-15,5.06,5.14,5.03,5.08,8529208,43321084.29
2023-09-18,5.06,5.12,5.01,5.1,7364655,37428878.34
2023-09-19,5.07,5.1,4.99,5.01,8770442,44072958.67
2023-09-20,5.01,5.04,4.95,4.95,6264030,31261813.3
2023-09-21,4.95,5.01,4.93,4.95,6433906,31981495.54
2023-09-22,4.93,5.06,4.92,5.06,9473254,47312985.49
2023-09-25,5.04,5.07,4.95,4.97,7286325,36368063.0
2023-09-26,4.98,4.99,4.91,4.91,6645300,32744293.0
2023-09-27,4.9,4.94,4.87,4.9,8012900,39298556.0
2023-09-28,4.9,5.04,4.9,4.98,11592661,57642456.56
2023-10-09,4.98,5.0,4.93,4.96,6541718,32438523.67
2023-10-10,4.97,5.07,4.95,5.04,11836400,59429064.0
2023-10-11,5.08,5.09,5.01,5.03,7782155,39288474.27
2023-10-12,5.03,5.07,5.01,5.05,6441058,32456104.9
2023-10-13,5.03,5.06,5.0,5.04,5401301,27230622.04
2023-10-16,5.06,5.06,4.95,4.97,9203200,45859689.0
2023-10-17,4.98,4.99,4.91,4.92,7661429,37825445.4
2023-10-18,4.91,4.92,4.71,4.71,13943200,66575761.0
2023-10-19,4.7,4.86,4.68,4.73,10415626,49746877.97
2023-10-20,4.72,4.75,4.61,4.62,10056601,46957928.73
2023-10-23,4.63,4.63,4.44,4.48,9048888,40925564.51
2023-10-24,4.5,4.6,4.45,4.58,11230700,50985970.0
2023-10-25,4.63,4.72,4.6,4.71,8898226,41681932.17
2023-10-26,4.67,4.73,4.64,4.71,7687660,36009949.79
2023-10-27,4.71,4.79,4.63,4.77,7015800,33162296.5
2023-10-30,4.75,4.85,4.73,4.83,9491113,45781362.66
2023-10-31,4.85,4.87,4.77,4.81,6143471,29516712.52
2023-11-01,4.83,4.87,4.79,4.83,6047531,29225556.19
2023-11-02,4.86,4.89,4.77,4.78,6701323,32261113.01
2023-11-03,4.8,4.9,4.78,4.87,10756000,52319362.11
2023-11-06,4.91,4.95,4.88,4.95,7878945,38774273.26
2023-11-07,4.95,5.0,4.91,4.98,8124429,40294321.03
2023-11-08,4.99,5.03,4.94,4.99,8471900,42281021.0
2023-11-09,4.98,5.02,4.91,4.94,9327201,46160899.92
2023-11-10,4.93,4.95,4.88,4.93,7956269,39183614.17
2023-11-13,4.95,5.04,4.95,5.04,9669197,48488509.83
2023-11-14,5.05,5.11,5.03,5.1,10542800,53534918.0
2023-11-15,5.12,5.13,5.08,5.12,8261700,42185597.0
2023-11-16,5.11,5.12,5.05,5.05,7629511,38738107.83
2023-11-17,5.06,5.12,5.04,5.11,8201200,41700250.0
2023-11-20,5.09,5.15,5.07,5.13,7528400,38490224.0
2023-11-21,5.15,5.16,5.08,5.09,6888920,35323645.0
2023-11-22,5.09,5.13,5.05,5.05,7279151,37049220.1
2023-11-23,5.07,5.12,5.03,5.11,7239500,36781782.11
2023-11-24,5.12,5.12,4.99,5.02,8685000,43712378.0
2023-11-27,5.0,5.04,4.97,5.01,6136675,30685642.25
2023-11-28,5.01,5.14,4.97,5.09,10133175,51359659.0
2023-11-29,5.11,5.18,5.07,5.08,9362407,47951637.51
2023-11-30,5.1,5.1,4.99,5.04,8930707,44923628.14
2023-12-01,5.04,5.12,4.98,5.1,9956325,50493995.5
2023-12-04,5.13,5.13,5.02,5.02,7432900,37568284.0
2023-12-05,5.03,5.03,4.92,4.93,8347649,41493139.06
2023-12-06,4.9,5.02,4.89,4.96,7327749,36464584.0
2023-12-07,4.99,5.03,4.94,5.0,8005200,39931173.0
2023-12-08,4.99,5.02,4.91,4.92,8379528,41591539.76
2023-12-11,4.88,4.98,4.82,4.98,9357539,45879497.1
2023-12-12,4.98,5.07,4.97,5.06,10534600,52926607.0
2023-12-13,5.08,5.08,4.98,5.0,5931900,29844783.0
2023-12-14,5.01,5.06,4.98,5.0,5757856,28870987.56
2023-12-15,5.01,5.04,4.94,4.96,7391700,36807710.0
2023-12-18,4.96,4.98,4.8,4.82,8446400,41202767.0
2023-12-19,4.82,4.85,4.76,4.82,6729800,32364536.0
2023-12-20,5.09,5.15,4.81,4.81,30836383,153262332.39
2023-12-21,4.8,4.89,4.72,4.85,16893532,81161438.02
2023-12-22,4.85,4.86,4.67,4.69,12672523,59811495.78
2023-12-25,4.73,4.75,4.65,4.66,7535930,35345745.87
2023-12-26,4.65,4.66,4.55,4.58,5983400,27468211.14
2023-12-27,4.58,4.62,4.54,4.6,6469400,29671262.0
2023-12-28,4.6,4.87,4.56,4.79,11454100,54338272.5
2023-12-29,4.78,4.92,4.78,4.91,10346017,50503952.18
2024-01-02,4.9,4.91,4.83,4.85,6996505,34105864.25
2024-01-03,4.84,4.85,4.78,4.82,6382405,30747649.05
2024-01-04,4.84,4.84,4.77,4.78,5888300,28221708.0
2024-01-05,4.79,4.8,4.65,4.68,7136329,33681257.85
2024-01-08,4.67,4.68,4.52,4.53,10557329,48236609.43
2024-01-09,4.52,4.58,4.46,4.51,8367700,37839159.99
2024-01-10,4.51,4.54,4.39,4.47,6680505,29864010.9
2024-01-11,4.47,4.58,4.45,4.56,7103900,32079032.0
2024-01-12,4.56,4.6,4.5,4.51,5592800,25424741.0
2024-01-15,4.51,4.56,4.47,4.51,5834667,26406123.53
2024-01-16,4.52,4.55,4.42,4.49,6034080,26994265.88
2024-01-17,4.53,4.53,4.38,4.38,7630454,33889286.58
2024-01-18,4.35,4.35,4.17,4.31,9998550,42456687.5
2024-01-19,4.28,4.35,4.25,4.26,7289000,31343321.0
2024-01-22,4.24,4.26,3.93,3.97,14624320,59865620.45
2024-01-23,3.98,4.07,3.92,4.02,11525912,46152942.36
2024-01-24,4.04,4.12,3.91,4.11,12066518,48462187.62
2024-01-25,4.12,4.31,4.08,4.3,12755978,53844553.06
2024-01-26,4.3,4.35,4.24,4.29,9946775,42812654.34
2024-01-29,4.27,4.31,4.13,4.15,9054616,37876882.4
2024-01-30,4.1,4.17,3.97,3.98,9299000,37793084.0
2024-01-31,3.95,3.98,3.7,3.73,15933815,60742330.9
2024-02-01,3.74,3.74,3.55,3.64,13699500,49871501.0
2024-02-02,3.65,3.73,3.28,3.4,20432590,70226659.2
2024-02-05,3.43,3.47,3.06,3.06,24291681,75692066.07
2024-02-06,2.96,3.1,2.75,2.93,36882609,105259248.12
2024-02-07,2.97,3.1,2.87,3.06,29401447,88915718.86
2024-02-08,3.03,3.37,3.02,3.37,21554522,70024084.13
2024-02-19,3.47,3.48,3.3,3.43,33074610,111748219.1
2024-02-20,3.4,3.44,3.32,3.43,13928306,47087263.52
2024-02-21,3.39,3.61,3.36,3.48,18155305,63996787.32
2024-02-22,3.48,3.61,3.47,3.6,13932376,49760500.07
2024-02-23,3.6,3.76,3.59,3.75,15181600,55781049.0
2024-02-26,3.75,3.88,3.69,3.78,15773520,59679773.6
2024-02-27,3.8,3.94,3.75,3.94,12274650,47268306.5
2024-02-28,3.93,4.02,3.63,3.63,25665668,98674846.56
2024-02-29,3.61,3.78,3.6,3.77,14932306,55522234.96
2024-03-01,3.79,3.86,3.72,3.8,13098476,49581777.38
2024-03-04,3.8,3.85,3.71,3.77,11232675,42251279.45
2024-03-05,3.76,3.77,3.64,3.67,12414551,45811626.66
2024-03-06,3.67,3.74,3.6,3.7,10996651,40490097.7
2024-03-07,3.72,3.77,3.64,3.64,9443905,35003903.98
2024-03-08,3.65,3.71,3.62,3.67,8441140,30965719.8
2024-03-11,3.65,3.76,3.64,3.75,11256201,41584756.67
2024-03-12,3.76,3.82,3.73,3.8,10043832,37969253.65
2024-03-13,3.81,3.85,3.75,3.81,10951847,41583506.19
2024-03-14,3.81,3.81,3.69,3.75,11700200,43995407.0
2024-03-15,3.73,3.84,3.71,3.82,12228488,46327227.12
2024-03-18,3.84,3.88,3.8,3.88,14736152,56624014.21
2024-03-19,3.89,3.91,3.85,3.87,13096097,50842577.36
2024-03-20,3.9,3.94,3.86,3.93,11433900,44649143.0
2024-03-21,3.92,3.97,3.88,3.93,11484301,45116646.93
2024-03-22,3.91,3.95,3.82,3.86,11718270,45425979.7
2024-03-25,3.86,3.9,3.73,3.74,13103347,49949712.9
2024-03-26,3.76,3.79,3.62,3.68,14933200,55081029.0
2024-03-27,3.67,3.68,3.48,3.48,15275449,54251448.99
2024-03-28,3.48,3.66,3.48,3.61,13517400,48541770.0
2024-03-29,3.61,3.65,3.55,3.65,9194800,33144127.0
2024-04-01,3.65,3.75,3.63,3.74,9154476,33996557.2
2024-04-02,3.73,3.79,3.66,3.69,10967729,40704828.5
2024-04-03,3.7,3.7,3.58,3.64,10733327,38904308.01
2024-04-08,3.62,3.63,3.5,3.5,11045660,39206594.6
2024-04-09,3.53,3.61,3.51,3.6,9442400,33676116.0
2024-04-10,3.58,3.6,3.42,3.45,14662731,50972004.4
2024-04-11,3.45,3.53,3.4,3.47,10028700,34914096.0
2024-04-12,3.47,3.5,3.36,3.37,10928500,37247836.0
2024-04-15,3.33,3.37,3.1,3.18,22636584,72151782.89
2024-04-16,3.16,3.16,2.86,2.86,26350600,77542988.0
2024-04-17,2.84,3.04,2.84,3.0,28330062,84244979.6
2024-04-18,3.01,3.12,2.92,3.05,24063623,72897354.44
2024-04-19,3.04,3.06,2.96,2.97,16372160,48993755.8
2024-04-22,2.98,3.04,2.83,2.91,17463150,51104481.65
2024-04-23,2.94,3.0,2.91,2.95,12009932,35365678.36
2024-04-24,2.94,3.05,2.94,3.05,10213936,30721641.7
2024-04-25,3.03,3.1,2.99,3.06,11864550,36285046.0
2024-04-26,3.07,3.16,3.02,3.15,13173650,40930330.5
2024-04-29,3.16,3.28,3.15,3.27,11779100,38074368.25
2024-04-30,3.27,3.3,3.16,3.2,12404260,39898647.0
2024-05-06,3.22,3.29,3.17,3.19,12702546,41022761.15
2024-05-07,3.18,3.21,3.15,3.2,11813146,37649151.82
2024-05-08,3.18,3.21,3.11,3.12,10549015,33237556.8
2024-05-09,3.14,3.23,3.12,3.2,11098994,35500826.8
2024-05-10,3.21,3.22,3.07,3.1,14096000,43865429.0
2024-05-13,3.08,3.08,2.98,3.0,14638303,44135778.87
2024-05-14,3.01,3.07,2.99,3.04,10441152,31693324.59
2024-05-15,3.04,3.09,3.0,3.02,8563886,26076806.11
2024-05-16,3.01,3.12,3.01,3.08,11618820,35797053.54
2024-05-17,3.12,3.17,3.07,3.17,11179168,34922285.8
2024-05-20,3.17,3.21,3.12,3.13,11248982,35523201.21
2024-05-21,3.11,3.14,3.03,3.05,10520684,32195580.36
2024-05-22,3.05,3.11,3.03,3.1,10314543,31678176.98
2024-05-23,3.1,3.1,2.99,2.99,12006391,36341608.09
2024-05-24,3.0,3.03,2.91,2.91,13910677,41181737.69
2024-05-27,2.9,2.97,2.83,2.9,13965088,40139694.56
2024-05-28,2.89,2.96,2.85,2.88,11925917,34679524.48
2024-05-29,2.88,2.94,2.86,2.88,9470315,27484009.65
2024-05-30,2.85,2.9,2.83,2.86,9656086,27708395.08
2024-05-31,2.87,2.97,2.86,2.94,12726314,37254921.03
2024-06-03,2.92,2.95,2.78,2.8,19640511,55534029.68
2024-06-04,2.78,2.79,2.59,2.65,27495839,73431561.68
2024-06-05,2.68,2.7,2.58,2.62,16843275,44706981.25
2024-06-06,2.63,2.69,2.42,2.46,24532127,61672630.01
2024-06-07,2.48,2.59,2.48,2.57,18097991,46082240.96
2024-06-11,2.56,2.63,2.5,2.62,12821607,32961028.01
2024-06-12,2.63,2.7,2.62,2.67,12742248,34012729.43
2024-06-13,2.67,2.69,2.6,2.63,11699510,30833722.34
2024-06-14,2.63,2.66,2.57,2.62,16635675,43445583.64
2024-06-17,2.62,2.62,2.54,2.58,11398018,29312345.08
2024-06-18,2.58,2.61,2.54,2.58,14815493,38271444.8
2024-06-19,2.6,2.67,2.55,2.56,14681850,38201579.19
2024-06-20,2.57,2.6,2.47,2.48,15432595,38850672.65
2024-06-21,2.49,2.49,2.41,2.43,11240201,27488459.42
2024-06-24,2.41,2.41,2.24,2.26,19334698,44477726.78
2024-06-25,2.27,2.33,2.22,2.24,13152967,29804808.88
2024-06-26,2.25,2.43,2.21,2.4,19775457,45853693.75
2024-06-27,2.4,2.42,2.3,2.3,13547692,31930690.96
2024-06-28,2.32,2.37,2.29,2.29,13560400,31695425.0
2024-07-01,2.31,2.38,2.25,2.37,12047400,27946983.0
2024-07-02,2.35,2.47,2.33,2.41,11130225,26872318.94
2024-07-03,2.42,2.46,2.38,2.41,9695126,23492863.66
2024-07-04,2.41,2.44,2.28,2.29,9709475,22624747.75
2024-07-05,2.29,2.34,2.24,2.3,8220735,18931813.6
2024-07-08,2.29,2.29,2.19,2.21,11880175,26460682.0
2024-07-09,2.21,2.23,2.11,2.16,16318400,35356071.0
2024-07-10,2.17,2.24,2.13,2.18,15353851,33639081.14
2024-07-11,2.22,2.35,2.22,2.32,17010046,38929700.25
2024-07-12,2.33,2.36,2.27,2.27,11106975,25636369.25
2024-07-15,2.27,2.31,2.23,2.24,9483275,21432950.75
2024-07-16,2.25,2.35,2.24,2.25,14168200,32329601.0
2024-07-17,2.24,2.3,2.23,2.23,11256000,25354996.0
2024-07-18,2.22,2.25,2.17,2.23,11545128,25427184.68
2024-07-19,2.22,2.31,2.19,2.28,13972993,31478478.21
2024-07-22,2.27,2.32,2.24,2.3,16088585,36827497.15
2024-07-23,2.3,2.34,2.25,2.25,12605600,28986117.0
2024-07-24,2.27,2.27,2.19,2.19,11951598,26506664.58
2024-07-25,2.18,2.24,2.16,2.21,9427100,20717839.0
2024-07-26,2.21,2.25,2.2,2.23,10250200,22789177.0
2024-07-29,2.24,2.29,2.2,2.27,11233401,25271676.22
2024-07-30,2.26,2.36,2.25,2.35,12648500,29433928.0
2024-07-31,2.35,2.44,2.33,2.41,17194991,41129148.22
2024-08-01,2.42,2.53,2.41,2.52,28537590,70916492.16
2024-08-02,2.52,2.77,2.49,2.77,17285499,46119845.27
2024-08-05,2.85,2.86,2.5,2.55,74177516,193541799.91
2024-08-06,2.55,2.61,2.46,2.49,43389909,108551166.87
2024-08-07,2.48,2.5,2.44,2.45,26255143,64767422.28
2024-08-08,2.45,2.49,2.41,2.46,21771184,53338898.39
2024-08-09,2.46,2.49,2.4,2.41,15407009,37556713.78
2024-08-12,2.41,2.46,2.33,2.35,13455801,31968632.38
2024-08-13,2.35,2.37,2.3,2.37,14033737,32878485.82
2024-08-14,2.38,2.39,2.34,2.35,9432500,22263522.0
2024-08-15,2.34,2.42,2.31,2.42,16812200,40080167.0
2024-08-16,2.4,2.43,2.35,2.35,11519592,27397138.28
2024-08-19,2.35,2.39,2.32,2.36,9384500,22129934.0
2024-08-20,2.35,2.37,2.27,2.28,14525300,33432200.0
2024-08-21,2.27,2.31,2.25,2.26,11460877,26116769.79
2024-08-22,2.27,2.31,2.21,2.21,12727400,28599521.0
2024-08-23,2.2,2.24,2.17,2.2,10877800,23952274.0
2024-08-26,2.2,2.27,2.19,2.25,10930525,24494971.77
2024-08-27,2.24,2.26,2.18,2.19,11233334,24789244.68
2024-08-28,2.2,2.29,2.18,2.25,14817800,33190694.0
2024-08-29,2.23,2.29,2.22,2.29,12382083,28010558.75
2024-08-30,2.28,2.38,2.28,2.35,13664900,31982209.0
2024-09-02,2.34,2.39,2.31,2.32,11831300,27883908.0
2024-09-03,2.33,2.36,2.3,2.36,11239702,26216237.66
2024-09-04,2.34,2.38,2.31,2.32,12479900,29147523.0
2024-09-05,2.32,2.36,2.31,2.34,10615600,24814273.0
2024-09-06,2.36,2.38,2.31,2.32,11021000,25802372.0
2024-09-09,2.32,2.35,2.28,2.32,9641400,22361996.0
2024-09-10,2.33,2.35,2.27,2.34,8883903,20550819.9
2024-09-11,2.34,2.36,2.31,2.32,9930200,23145572.0
2024-09-12,2.33,2.39,2.31,2.36,12580900,29697965.0
2024-09-13,2.36,2.38,2.33,2.33,10960402,25742966.68
2024-09-18,2.33,2.35,2.24,2.28,11621045,26527540.6
2024-09-19,2.28,2.42,2.27,2.42,19064800,45025503.0
2024-09-20,2.41,2.43,2.37,2.4,14471458,34740942.13
2024-09-23,2.4,2.64,2.38,2.64,26580794,67963655.34
2024-09-24,2.6,2.65,2.54,2.65,60435586,156621852.6
2024-09-25,2.61,2.78,2.61,2.71,62754807,168670778.19
2024-09-26,2.71,2.84,2.68,2.81,61864674,171007942.38
2024-09-27,2.88,2.94,2.79,2.89,47600447,135829389.21
2024-09-30,3.01,3.18,3.0,3.18,71624235,224156983.23
2024-10-08,3.5,3.5,3.25,3.5,68028116,234919913.86
2024-10-09,3.52,3.83,3.31,3.62,99074618,359948346.41
2024-10-10,3.62,3.71,3.32,3.4,65120450,225307518.05
2024-10-11,3.37,3.74,3.35,3.74,78793491,282926041.23
2024-10-14,3.73,3.73,3.37,3.59,82531446,288948700.59
2024-10-15,3.51,3.55,3.42,3.42,47384520,164089546.56
2024-10-16,3.37,3.54,3.34,3.44,33889300,117157369.0
2024-10-17,3.47,3.78,3.47,3.78,49170746,182236060.47
2024-10-18,3.95,4.16,3.88,4.16,89829342,364174572.7
2024-10-21,4.58,4.58,4.47,4.58,39375780,180022900.74
2024-10-22,5.04,5.04,5.04,5.04,10592250,53384940.0
2024-10-23,5.54,5.54,4.75,4.82,213082389,1101278596.29
2024-10-24,4.64,4.98,4.52,4.69,103292410,486015143.98
2024-10-25,4.69,5.16,4.69,5.16,54634179,275676758.53
2024-10-28,5.68,5.68,5.45,5.68,106218657,598430690.91
2024-10-29,5.9,6.25,5.79,6.11,161894798,995540764.79
2024-10-30,5.8,6.67,5.8,6.6,177977602,1107145345.27
2024-10-31,6.41,6.89,6.2,6.2,170866804,1107704344.4
2024-11-01,6.03,6.03,5.58,5.58,83757912,477254788.19
2024-11-04,5.02,5.53,5.02,5.34,91238207,481181779.07
2024-11-05,5.34,5.52,5.34,5.37,73067334,394368006.18
2024-11-06,5.36,5.66,5.34,5.41,67056366,368188115.0
2024-11-07,5.35,5.44,5.15,5.33,64037221,338125762.23
2024-11-08,5.35,5.57,5.31,5.46,67504483,368441007.09
2024-11-11,5.47,5.65,5.37,5.59,69441328,385338126.1
2024-11-12,5.6,5.63,5.28,5.38,55115160,299323808.6
2024-11-13,5.34,5.47,5.28,5.45,33824069,182110665.05
2024-11-14,5.5,5.5,5.12,5.15,37119602,195766298.68
2024-11-15,5.1,5.19,4.81,4.83,54440940,271897841.62
2024-11-18,4.84,4.87,4.54,4.58,44213526,205320604.72
2024-11-19,4.57,4.76,4.52,4.76,35976537,167587040.78
2024-11-20,4.78,4.89,4.74,4.86,29580346,142968752.14
2024-11-21,4.82,4.89,4.78,4.85,26588699,128788239.38
2024-11-22,4.83,4.86,4.63,4.63,25845586,122713836.9
2024-11-25,4.66,4.7,4.52,4.66,21841573,100299601.11
2024-11-26,4.66,4.79,4.6,4.61,20276700,95017260.0
2024-11-27,4.61,4.69,4.48,4.68,20964137,95890644.96
2024-11-28,4.7,4.92,4.68,4.8,43337101,209349822.73
2024-11-29,4.81,4.84,4.64,4.78,32547800,154548331.0
2024-12-02,4.78,5.01,4.77,5.0,34315527,168766661.92
2024-12-03,5.08,5.12,4.92,5.03,31013733,155233720.89
2024-12-04,5.12,5.33,4.93,4.94,54042506,276767233.23
2024-12-05,4.88,5.06,4.87,5.03,32239156,161045700.16
2024-12-06,5.04,5.12,4.93,5.05,29079659,146351780.59
2024-12-09,5.05,5.12,4.91,4.96,28145170,140941299.5
2024-12-10,5.1,5.13,4.94,4.94,30062169,150872673.31
2024-12-11,4.96,5.28,4.92,5.2,57549240,295689112.46
2024-12-12,5.25,5.34,5.15,5.33,56540837,298321907.58
2024-12-13,5.34,5.4,5.18,5.21,48426368,255630068.35
2024-12-16,5.18,5.24,5.0,5.03,33272401,168847039.38
2024-12-17,5.02,5.05,4.8,4.82,27874275,136144001.25
2024-12-18,4.81,4.9,4.73,4.86,19217054,92909507.85
2024-12-19,4.78,4.89,4.72,4.86,19417462,93370951.76
2024-12-20,4.88,5.09,4.81,4.94,28071996,138799953.17
2024-12-23,4.93,4.96,4.53,4.56,35436966,166010403.82
2024-12-24,4.55,4.63,4.44,4.57,21375225,96677843.5
2024-12-25,4.58,4.6,4.3,4.34,28547700,124844324.0
2024-12-26,4.34,4.39,4.29,4.33,18896000,81952063.0
2024-12-27,4.34,4.57,4.31,4.43,24850503,111261168.47
2024-12-30,4.41,4.45,4.23,4.34,16721700,71919808.0
2024-12-31,4.34,4.4,4.18,4.19,17568729,74985130.15
2025-01-02,4.17,4.27,4.08,4.13,21703000,90628572.0
2025-01-03,4.15,4.18,3.91,3.93,21402531,86123978.7
2025-01-06,3.93,3.95,3.79,3.89,16447800,63778521.0
2025-01-07,3.89,4.01,3.88,4.0,14211644,56011589.13
2025-01-08,4.0,4.07,3.86,4.03,17762700,70615400.0
2025-01-09,4.01,4.2,3.99,4.11,21609593,88856293.09
2025-01-10,4.05,4.16,3.94,3.95,15510400,62732549.0
2025-01-13,3.88,3.96,3.78,3.91,13917700,54027962.0
2025-01-14,3.95,4.12,3.92,4.11,18909075,76526362.65
2025-01-15,4.12,4.13,4.02,4.07,14727768,60022765.37
2025-01-16,4.09,4.2,4.08,4.14,16730910,69268000.8
2025-01-17,4.11,4.17,4.06,4.13,12331200,50731213.25
2025-01-20,4.18,4.21,4.07,4.18,14047203,58556296.57
2025-01-21,4.2,4.21,4.04,4.09,16915775,69226169.75
2025-01-22,4.09,4.14,4.02,4.06,11816217,48115121.09
2025-01-23,4.1,4.19,4.03,4.03,19480000,80066502.12
2025-01-24,4.04,4.07,3.99,4.05,13013979,52550114.24
2025-01-27,4.09,4.13,3.98,3.98,14167450,57318698.0
2025-02-05,4.07,4.18,4.04,4.14,18245940,75407036.3
2025-02-06,4.15,4.25,4.07,4.24,18547901,77547477.22
2025-02-07,4.24,4.39,4.22,4.32,21346200,92285470.0
2025-02-10,4.31,4.59,4.31,4.57,32451062,145737640.55
2025-02-11,4.57,4.58,4.43,4.47,20744300,92774899.0
2025-02-12,4.46,4.55,4.45,4.53,17553950,78910517.5
2025-02-13,4.53,4.54,4.41,4.48,17505453,78290105.41
2025-02-14,4.47,4.49,4.4,4.48,12824800,57164129.0
2025-02-17,4.48,4.71,4.48,4.62,32839000,150909180.0
2025-02-18,4.6,4.62,4.35,4.37,26587165,119275751.1
2025-02-19,4.4,4.46,4.38,4.45,15934903,70543050.23
2025-02-20,4.45,4.55,4.41,4.49,18559433,83367110.41
2025-02-21,4.49,4.62,4.38,4.55,25239602,113625503.08
2025-02-24,4.52,4.65,4.5,4.57,23747418,108668010.8
2025-02-25,4.49,4.68,4.46,4.58,28059955,128672598.5
2025-02-26,4.58,4.66,4.54,4.64,23790550,109709338.0
2025-02-27,4.64,4.67,4.46,4.55,24211287,110296975.28
2025-02-28,4.52,4.53,4.33,4.34,21835410,96341888.8
2025-03-03,4.36,4.48,4.28,4.4,18882150,83275756.0
2025-03-04,4.36,4.5,4.36,4.5,13835083,61358227.73
2025-03-05,4.49,4.52,4.36,4.45,14165310,62478242.4
2025-03-06,4.47,4.68,4.45,4.65,34209593,156718248.62
2025-03-07,4.6,4.78,4.54,4.63,38051588,177239480.37
2025-03-10,4.62,4.64,4.53,4.59,19713406,90101707.48
2025-03-11,4.53,4.6,4.5,4.55,14813600,67256659.41
2025-03-12,4.55,4.7,4.54,4.64,20528704,94870633.4
2025-03-13,4.62,4.63,4.42,4.47,23910765,107310260.6
2025-03-14,4.46,4.55,4.43,4.54,15210565,68579838.45
2025-03-17,4.57,4.79,4.54,4.73,35575040,167019368.89
2025-03-18,4.76,4.76,4.63,4.67,19873815,92790614.25
2025-03-19,4.66,4.68,4.58,4.61,13890900,64209982.0
2025-03-20,4.6,4.65,4.56,4.57,13215065,60732490.64
2025-03-21,4.56,4.57,4.45,4.48,14409610,64771972.1
2025-03-24,4.45,4.49,4.25,4.34,17871760,77733485.73
2025-03-25,4.34,4.37,4.28,4.33,10993312,47524333.83
2025-03-26,4.34,4.4,4.32,4.37,7436900,32486889.0
2025-03-27,4.36,4.39,4.28,4.35,7413501,32165657.3
2025-03-28,4.36,4.37,4.26,4.26,9103702,39077126.52
2025-03-31,4.27,4.27,4.12,4.2,11370108,47563154.04
2025-04-01,4.2,4.28,4.18,4.25,6504750,27646106.5
2025-04-02,4.22,4.32,4.22,4.27,7599558,32465137.5
2025-04-03,4.22,4.3,4.21,4.24,6233603,26512106.72
2025-04-07,3.98,4.05,3.82,3.82,14657025,56626573.0
2025-04-08,3.74,3.86,3.59,3.7,21060663,78272698.57
2025-04-09,3.67,3.85,3.39,3.82,20174200,73981751.0
2025-04-10,3.87,3.95,3.87,3.89,12859000,50312027.0
2025-04-11,3.86,4.04,3.85,3.98,13425100,53417575.0
2025-04-14,4.04,4.33,4.04,4.17,19739501,81761611.13
2025-04-15,4.15,4.18,4.04,4.06,15501438,63266611.82
2025-04-16,4.02,4.06,3.89,3.97,10719801,42506374.95
2025-04-17,3.97,4.03,3.93,3.97,7800850,31175540.0
2025-04-18,4.02,4.05,3.91,4.0,8334880,33152620.2
2025-04-21,4.0,4.07,3.96,4.05,7790056,31411713.24
2025-04-22,4.05,4.09,4.01,4.06,9091300,36796700.0
2025-04-23,4.08,4.12,4.04,4.05,8074206,32825007.04
2025-04-24,4.06,4.07,3.96,3.96,9936480,39709243.2
2025-04-25,3.97,4.04,3.96,4.0,7755920,31074343.8
2025-04-28,3.99,4.03,3.9,3.9,8692401,34156317.9
2025-04-29,3.9,3.95,3.86,3.92,6369000,24983142.99
2025-04-30,3.94,4.04,3.92,4.0,9136020,36589150.0
2025-05-06,4.05,4.18,4.02,4.17,13276259,54908383.93
2025-05-07,4.2,4.22,4.13,4.15,8909300,37154656.0
2025-05-08,4.14,4.21,4.14,4.2,10216438,42720366.24
2025-05-09,4.2,4.22,4.11,4.13,8026300,33276264.0
2025-05-12,4.16,4.19,4.14,4.16,7274822,30276062.3
2025-05-13,4.2,4.21,4.09,4.1,9171033,37934961.97
2025-05-14,4.51,4.51,4.51,4.51,9664427,43586565.77
2025-05-15,4.96,4.96,4.96,4.96,9333200,46292672.0
2025-05-16,5.46,5.46,5.09,5.15,166482434,878513270.28
2025-05-19,5.67,5.67,5.67,5.67,15777102,89456168.34
2025-05-20,6.24,6.24,6.24,6.24,7036401,43907142.24
2025-05-21,6.86,6.86,6.86,6.86,7928157,54387157.02
2025-05-22,7.55,7.55,7.43,7.53,254687404,1921744621.64
2025-05-23,6.87,7.17,6.78,6.78,204674856,1403793104.28
2025-05-26,6.5,6.64,6.1,6.11,228293718,1428956973.47
2025-05-27,5.92,6.25,5.91,6.0,142688129,863868619.1
2025-05-28,5.92,6.09,5.62,5.88,170706227,992237959.98
2025-05-29,5.74,5.9,5.69,5.74,111513054,644263043.96
2025-05-30,5.68,5.83,5.46,5.46,102427400,578962345.0
2025-06-03,5.46,5.54,5.44,5.5,68286041,374215002.97
2025-06-04,5.5,5.6,5.44,5.57,73945529,409824404.48
2025-06-05,5.61,5.62,5.39,5.55,87094882,478676882.87
2025-06-06,5.51,5.53,5.42,5.44,46416146,253182030.24
2025-06-09,5.44,5.58,5.44,5.56,54134997,298303018.7
2025-06-10,5.76,5.78,5.36,5.38,109356469,609868608.9
2025-06-11,5.37,5.43,5.3,5.42,60678400,325671726.0
2025-06-12,5.36,5.46,5.33,5.35,43978200,236825630.0
2025-06-13,5.32,5.35,5.18,5.2,51792857,271544920.87
2025-06-16,5.2,5.34,5.19,5.32,35085431,185665537.61
2025-06-17,5.32,5.4,5.26,5.32,28719900,152732709.67
2025-06-18,5.31,5.32,5.24,5.28,19580000,103162386.0
2025-06-19,5.26,5.27,5.12,5.15,27163000,140902790.0
2025-06-20,5.16,5.24,5.1,5.14,23286436,120060808.68
2025-06-23,5.09,5.19,5.06,5.16,22099130,113855966.9
2025-06-24,5.18,5.27,5.17,5.25,24567050,128814809.0
2025-06-25,5.24,5.28,5.21,5.26,27603252,144725409.13
2025-06-26,5.25,5.29,5.17,5.21,29863601,156387471.27
2025-06-27,5.34,5.4,5.23,5.23,39579100,208838849.32
2025-06-30,5.25,5.3,5.22,5.3,32443300,170919035.32
2025-07-01,5.3,5.41,5.27,5.38,46451200,249256026.0
2025-07-02,5.35,5.37,5.23,5.26,36140911,191162420.63
2025-07-03,5.23,5.29,5.21,5.28,21701760,114042840.6
2025-07-04,5.26,5.3,5.21,5.23,20982905,110164658.31
2025-07-07,5.24,5.33,5.23,5.32,24049185,127629400.35
2025-07-08,5.31,5.38,5.27,5.38,27430405,146362534.8
2025-07-09,5.4,5.55,5.37,5.44,73153647,400580429.25
2025-07-10,5.45,5.52,5.35,5.38,49227489,267075486.14
2025-07-11,5.39,5.4,5.26,5.39,36899106,196742859.76
2025-07-14,5.37,5.42,5.32,5.33,21894301,117328769.33
2025-07-15,5.37,5.65,5.34,5.47,57077571,311855502.86
2025-07-16,5.49,5.92,5.37,5.72,96799000,546552352.96
2025-07-17,5.58,5.64,5.53,5.61,58373657,326474492.64
2025-07-18,5.6,5.68,5.54,5.64,44102537,246972972.09
2025-07-21,5.62,5.69,5.6,5.67,35454063,200521765.82
2025-07-22,5.68,5.69,5.51,5.55,38317044,213068550.77
2025-07-23,5.52,5.6,5.47,5.55,30654413,169485755.88
2025-07-24,5.54,5.56,5.5,5.55,23313214,128758193.98
2025-07-25,5.75,5.98,5.63,5.65,82263109,474491747.92
2025-07-28,5.58,5.61,5.5,5.51,44899910,248231379.6
2025-07-29,5.48,5.48,5.34,5.47,40706021,220210744.27
2025-07-30,5.46,5.58,5.41,5.45,27913230,153316027.62
2025-07-31,5.41,5.48,5.38,5.39,19438681,105195678.59
2025-08-01,5.4,5.42,5.37,5.42,13128154,70829093.41
2025-08-04,5.41,5.41,5.33,5.41,13763400,73957692.0
2025-08-05,5.42,5.47,5.39,5.45,17582787,95499702.15
2025-08-06,5.42,5.44,5.37,5.43,20855143,112774458.49
2025-08-07,5.42,5.63,5.4,5.61,49825365,275220464.56
2025-08-08,5.56,5.74,5.46,5.55,43571799,243112413.5
2025-08-11,5.49,5.74,5.46,5.66,49810997,280305827.82
2025-08-12,5.9,6.03,5.68,5.7,79085990,461064332.1
2025-08-13,5.65,5.94,5.62,5.75,58886225,337796280.83
2025-08-14,5.76,5.76,5.56,5.57,39934849,225199619.99
2025-08-15,5.53,5.63,5.53,5.62,22998765,128944261.74
2025-08-18,5.62,5.77,5.62,5.71,43588878,249444965.56
2025-08-19,5.72,5.79,5.69,5.74,39192830,225498224.25
2025-08-20,5.73,5.82,5.68,5.82,37404003,215835803.31
2025-08-21,5.82,5.92,5.75,5.79,38147900,222527315.97
2025-08-22,5.78,6.1,5.77,6.08,81784929,487289523.6
2025-08-25,6.25,6.25,6.03,6.07,80692798,492210215.58
2025-08-26,6.1,6.36,6.06,6.25,65965386,409618940.25
2025-08-27,6.25,6.34,6.14,6.17,68864736,427903858.76
2025-08-28,6.24,6.49,5.98,6.26,83329705,520054968.69
2025-08-29,6.3,6.31,6.05,6.06,48482978,296985695.22
2025-09-01,6.1,6.48,6.08,6.21,64918806,406592351.23
2025-09-02,6.18,6.22,5.89,5.95,51991297,311326319.18
2025-09-03,5.97,5.98,5.78,5.8,32677034,192174269.86
2025-09-04,5.8,5.89,5.6,5.72,30518969,176230268.29
2025-09-05,5.72,5.87,5.63,5.85,27015220,155751212.4
2025-09-08,5.85,5.9,5.76,5.81,22382284,130304768.18
2025-09-09,5.79,5.81,5.65,5.67,22255768,127198618.65
2025-09-10,5.69,5.82,5.66,5.73,19356715,111136119.66
2025-09-11,5.75,6.08,5.65,6.01,48642556,287049300.21
2025-09-12,5.99,6.15,5.95,6.1,39053927,236564190.7
2025-09-15,6.15,6.15,5.88,5.91,35127166,209158563.51
2025-09-16,5.91,6.08,5.85,6.06,35278549,211535784.3
2025-09-17,6.03,6.11,5.96,5.98,28710431,173003411.5
2025-09-18,6.0,6.06,5.75,5.82,36438916,215386064.2
2025-09-19,5.85,6.14,5.76,5.81,43442646,257713907.77
2025-09-22,5.78,5.84,5.68,5.75,22177747,127152059.46
2025-09-23,5.76,5.76,5.41,5.55,35963800,198532320.98
2025-09-24,5.56,5.91,5.51,5.71,40739448,233692696.43
2025-09-25,5.77,5.85,5.66,5.67,28840101,165662188.88
2025-09-26,5.66,5.85,5.64,5.68,30817800,177197143.0
2025-09-29,5.66,5.68,5.51,5.65,22723900,127320518.0
2025-09-30,5.83,5.94,5.73,5.74,40763809,237053911.31
2025-10-09,5.82,5.9,5.75,5.82,36697354,214340422.72
2025-10-10,5.8,5.81,5.67,5.71,28831144,164709406.28
2025-10-13,5.57,5.72,5.45,5.7,29648202,166118243.02
2025-10-14,5.72,5.9,5.71,5.76,32381353,187424132.63
2025-10-15,5.7,5.79,5.66,5.79,22319893,127983910.72
2025-10-16,5.75,5.75,5.55,5.57,41252015,231267671.4
2025-10-17,5.57,5.61,5.34,5.36,28333903,154785002.56
2025-10-20,5.38,5.5,5.38,5.45,17872250,97202469.45
2025-10-21,5.43,5.63,5.42,5.62,30775900,171098006.0
2025-10-22,5.58,5.62,5.51,5.52,15488125,85807662.25
2025-10-23,5.52,5.59,5.42,5.52,17422436,95244316.26
2025-10-24,5.53,5.58,5.47,5.5,15341322,84628415.0
2025-10-27,5.53,5.64,5.49,5.53,20067522,111505028.1
2025-10-28,5.53,5.61,5.47,5.57,21415918,119106450.54
2025-10-29,5.55,5.56,5.48,5.54,17625750,97122921.0
2025-10-30,5.51,5.55,5.45,5.46,18692675,102560765.25
2025-10-31,5.48,5.56,5.47,5.52,19139125,105819071.5
2025-11-03,5.52,5.66,5.48,5.65,23151317,129086629.83
2025-11-04,5.65,5.65,5.48,5.54,23308200,129119008.0
2025-11-05,5.5,5.6,5.47,5.57,19565120,108864117.8
2025-11-06,5.57,5.58,5.5,5.56,16400250,90880429.5
2025-11-07,5.52,5.55,5.51,5.52,14919044,82425251.32
2025-11-10,5.51,5.6,5.51,5.58,18051280,100400227.03
2025-11-11,5.58,6.07,5.58,5.79,60852588,352208810.69
2025-11-12,5.82,5.85,5.66,5.72,31516293,180430717.54
2025-11-13,5.73,5.77,5.67,5.74,23956986,137142430.34
2025-11-14,5.69,5.73,5.65,5.65,20695965,117680491.76
2025-11-17,5.64,5.72,5.6,5.71,18702475,105837554.5
2025-11-18,5.68,5.79,5.66,5.72,22269931,127148739.56
2025-11-19,5.69,5.71,5.48,5.52,25861877,143713840.12
2025-11-20,5.54,5.56,5.39,5.43,17970431,97870217.88
2025-11-21,5.37,5.4,5.13,5.15,27042911,141266893.02
2025-11-24,5.16,5.26,5.13,5.23,13295299,69088596.49
2025-11-25,5.24,5.29,5.22,5.24,11594300,60927860.24
2025-11-26,5.24,5.32,5.21,5.22,12172767,63980462.33
2025-11-27,5.22,5.26,5.18,5.21,9491598,49623335.98
2025-11-28,5.19,5.25,5.16,5.24,10731780,55876916.17
2025-12-01,5.22,5.27,5.2,5.26,9208627,48328112.48
2025-12-02,5.26,5.26,5.16,5.22,8850703,46084779.39
2025-12-03,5.22,5.23,5.11,5.12,14764927,76109352.94
2025-12-04,5.11,5.14,5.03,5.07,10799605,54787061.2
2025-12-05,5.07,5.14,5.04,5.13,7741199,39452965.91
2025-12-08,5.15,5.22,5.15,5.19,10331093,53639659.6
2025-12-09,5.18,5.2,5.15,5.17,7415251,38403388.67
2025-12-10,5.19,5.2,5.13,5.19,7925052,40964224.88
2025-12-11,5.18,5.19,5.07,5.08,10155890,52039150.6
2025-12-12,5.08,5.25,5.06,5.15,12929780,66662575.76
2025-12-15,5.09,5.22,5.07,5.17,11633100,59917940.0
2025-12-16,5.14,5.16,5.02,5.03,13935500,70606923.5
2025-12-17,5.02,5.05,4.87,5.0,18776600,92854030.0
2025-12-18,4.96,5.09,4.95,5.01,11985613,60390655.39
2025-12-19,5.03,5.08,5.0,5.07,11865376,59939514.55
2025-12-22,5.07,5.12,5.06,5.09,9464275,48223285.76
2025-12-23,5.09,5.12,5.01,5.02,10261100,51935715.0
2025-12-24,5.03,5.19,5.01,5.17,16979904,86960301.91
2025-12-25,5.17,5.23,5.14,5.19,11525833,59949064.93
2025-12-26,5.2,5.21,5.12,5.15,10785368,55649015.28
2025-12-29,5.17,5.19,5.13,5.15,8596201,44300712.17
2025-12-30,5.14,5.2,5.11,5.11,11535535,59354943.11
2025-12-31,5.11,5.2,5.06,5.17,13808603,70840631.64
